ID,Title_Name,Year,Rating,Runtime,Genres,Release_Date,Release_Country,10,9,8,7,6,5,4,3,2,1,Rank_All_All_Ages,Rank_All_<18,Rank_All_18-29,Rank_All_30-44,Rank_All_45+,Rank_Male_All_Ages,Rank_Male_<18,Rank_Male_18-29,Rank_Male_30-44,Rank_Male_45+,Rank_Female_All_Ages,Rank_Female_<18,Rank_Female_18-29,Rank_Female_30-44,Rank_Female_45+,Count_All_All_Ages,Count_All_<18,Count_All_18-29,Count_All_30-44,Count_All_45+,Count_Male_All_Ages,Count_Male_<18,Count_Male_18-29,Count_Male_30-44,Count_Male_45+,Count_Female_All_Ages,Count_Female_<18,Count_Female_18-29,Count_Female_30-44,Count_Female_45+
0111161/,The Shawshank Redemption,1994,R,142,Drama,1994-10-14,USA,1262354.0,583880.0,265474.0,85024.0,25611.0,13192.0,6428.0,4628.0,4312.0,34201.0,9.3,9.3,9.3,9.3,9.1,9.3,9.3,9.3,9.3,9.1,9.2,9.0,9.2,9.2,9.2,2285104.0,1859.0,487165.0,867022.0,205233.0,1394422.0,1308.0,387767.0,724633.0,166576.0,274622.0,259.0,88180.0,129811.0,34510.0
0068646/,The Godfather,1972,R,175,"Crime, Drama",1972-03-24,USA,815469.0,390277.0,192975.0,76283.0,29274.0,16195.0,8248.0,6133.0,5799.0,36698.0,9.2,9.2,9.2,9.2,9.1,9.2,9.2,9.3,9.2,9.2,8.9,8.8,8.9,8.9,8.9,1577351.0,1178.0,310646.0,621830.0,160127.0,1006212.0,851.0,259481.0,538999.0,133895.0,152074.0,155.0,44131.0,74072.0,23038.0
0071562/,The Godfather: Part II,1974,R,202,"Crime, Drama",1974-12-18,USA,474065.0,315817.0,170707.0,68952.0,25735.0,12383.0,6081.0,4273.0,3841.0,20194.0,9.0,9.1,9.0,9.0,8.9,9.0,9.1,9.1,9.0,9.0,8.7,9.0,8.8,8.7,8.7,1102048.0,700.0,207660.0,437435.0,119462.0,713710.0,518.0,178064.0,383327.0,100765.0,96294.0,101.0,25330.0,47896.0,16400.0
0468569/,The Dark Knight,2008,PG-13,152,"Action, Crime, Drama",2008-07-18,USA,1010114.0,631933.0,345435.0,134595.0,48559.0,22780.0,11238.0,7970.0,7077.0,30045.0,9.0,9.2,9.2,9.0,8.4,9.1,9.2,9.3,9.0,8.4,8.7,8.8,8.8,8.7,8.2,2249746.0,2039.0,519664.0,883542.0,146568.0,1411141.0,1507.0,420381.0,746893.0,123426.0,251133.0,216.0,87683.0,124540.0,20271.0
0050083/,12 Angry Men,1957,Approved,96,"Crime, Drama",1957-04-10,USA,238674.0,219032.0,130270.0,47180.0,15489.0,6143.0,2823.0,1680.0,1461.0,8172.0,8.9,9.1,9.1,8.9,8.7,9.0,9.2,9.1,8.9,8.7,8.8,8.5,8.9,8.8,8.7,670924.0,583.0,148257.0,246713.0,67702.0,419208.0,437.0,122266.0,211856.0,56882.0,69330.0,74.0,23215.0,31869.0,9632.0
0108052/,Schindler's List,1993,R,195,"Biography, Drama, History",1994-02-04,USA,443091.0,374231.0,215269.0,80543.0,26747.0,12715.0,6139.0,4504.0,4244.0,19117.0,8.9,9.0,9.0,8.9,8.7,8.9,9.1,9.0,8.9,8.7,9.0,8.8,9.0,8.9,8.9,1186600.0,649.0,222133.0,469786.0,133171.0,713293.0,467.0,171335.0,384308.0,107839.0,159198.0,108.0,46292.0,78763.0,22752.0
0167260/,The Lord of the Rings: The Return of the King,2003,PG-13,201,"Action, Adventure, Drama",2003-12-17,USA,687657.0,423303.0,263422.0,114849.0,43778.0,21390.0,10635.0,7848.0,6468.0,28714.0,8.9,9.1,9.1,8.8,8.7,8.9,9.2,9.2,8.8,8.6,8.8,8.5,9.0,8.8,8.7,1608064.0,1020.0,348682.0,631361.0,139708.0,983650.0,755.0,274481.0,519554.0,114723.0,207299.0,138.0,67281.0,102792.0,22263.0
0110912/,Pulp Fiction,1994,R,154,"Crime, Drama",1994-10-14,USA,661442.0,528492.0,323180.0,136933.0,50602.0,26189.0,13914.0,10217.0,8774.0,25274.0,8.9,9.1,8.9,8.9,8.7,8.9,9.2,9.0,9.0,8.8,8.5,8.5,8.6,8.5,8.3,1785017.0,1242.0,359787.0,692272.0,174784.0,1094930.0,861.0,284014.0,583431.0,145402.0,207563.0,191.0,67294.0,98881.0,26000.0
0060196/,"The Good, the Bad and the Ugly",1966,R,178,Western,1967-12-29,USA,242359.0,195268.0,134539.0,56947.0,18281.0,8431.0,3841.0,2400.0,2011.0,10232.0,8.8,9.1,8.9,8.8,8.7,8.9,9.1,8.9,8.9,8.7,8.4,8.7,8.4,8.4,8.2,674309.0,398.0,124326.0,276227.0,87358.0,467450.0,321.0,110515.0,251721.0,77206.0,44418.0,48.0,11895.0,21277.0,8654.0
0120737/,The Lord of the Rings: The Fellowship of the Ring,2001,PG-13,178,"Action, Adventure, Drama",2001-12-19,USA,616261.0,449577.0,308219.0,129555.0,45562.0,22192.0,10745.0,8098.0,6807.0,26731.0,8.8,8.8,8.9,8.8,8.6,8.8,8.9,9.0,8.8,8.6,8.8,8.3,8.8,8.7,8.8,1623747.0,1049.0,344955.0,628698.0,152950.0,977860.0,781.0,268017.0,512184.0,124815.0,217623.0,140.0,70080.0,107256.0,25005.0
0137523/,Fight Club,1999,R,139,Drama,1999-10-15,USA,624249.0,558715.0,360767.0,147810.0,51699.0,24190.0,12416.0,8443.0,6844.0,17178.0,8.8,9.1,8.9,8.8,8.2,8.8,9.1,8.9,8.9,8.3,8.7,8.8,8.8,8.7,8.1,1812311.0,1151.0,399764.0,715934.0,137486.0,1097666.0,808.0,309693.0,589037.0,113625.0,236095.0,174.0,81271.0,116445.0,21075.0
0109830/,Forrest Gump,1994,PG-13,142,"Drama, Romance",1994-07-06,USA,604807.0,537936.0,362278.0,146929.0,49847.0,22236.0,11457.0,7529.0,5848.0,11932.0,8.8,8.9,8.9,8.8,8.5,8.8,9.0,8.9,8.8,8.5,8.7,8.6,8.7,8.7,8.5,1760799.0,1568.0,388511.0,644804.0,151619.0,1006742.0,1061.0,286700.0,513692.0,120741.0,262543.0,275.0,92216.0,120843.0,27699.0
1375666/,Inception,2010,PG-13,148,"Action, Adventure, Sci-Fi",2010-07-16,USA,706485.0,609602.0,395542.0,168920.0,59030.0,26288.0,13147.0,8527.0,6826.0,17318.0,8.8,9.0,9.0,8.7,8.1,8.8,9.1,9.0,8.8,8.1,8.6,8.7,8.8,8.6,8.1,2011685.0,1654.0,500822.0,749496.0,133241.0,1204808.0,1168.0,381760.0,608837.0,109667.0,279558.0,238.0,107500.0,128500.0,20671.0
0080684/,Star Wars: Episode V - The Empire Strikes Back,1980,PG,124,"Action, Adventure, Fantasy",1980-06-20,USA,392704.0,310669.0,242102.0,108139.0,35736.0,15602.0,6713.0,4267.0,3516.0,15390.0,8.7,8.8,8.7,8.7,8.8,8.8,8.9,8.7,8.8,8.8,8.5,8.7,8.4,8.4,8.6,1134838.0,1005.0,209674.0,434086.0,133341.0,716483.0,786.0,174885.0,376110.0,113543.0,107599.0,122.0,30728.0,52034.0,17478.0
0167261/,The Lord of the Rings: The Two Towers,2002,PG-13,179,"Action, Adventure, Drama",2002-12-18,USA,505575.0,410801.0,302827.0,127362.0,43746.0,20319.0,9460.0,6682.0,5767.0,20724.0,8.7,8.8,8.9,8.7,8.5,8.7,8.9,8.9,8.7,8.5,8.7,8.3,8.8,8.6,8.6,1453263.0,908.0,313815.0,566805.0,130338.0,882245.0,682.0,246049.0,463391.0,106430.0,191836.0,118.0,61682.0,95305.0,21388.0
0133093/,The Matrix,1999,R,136,"Action, Sci-Fi",1999-03-31,USA,497543.0,490918.0,363945.0,160940.0,55554.0,24827.0,12325.0,8472.0,6428.0,15902.0,8.7,8.5,8.6,8.8,8.6,8.8,8.6,8.6,8.9,8.6,8.3,8.2,8.2,8.4,8.4,1636854.0,1131.0,307437.0,661867.0,163187.0,1016969.0,820.0,248653.0,556779.0,135861.0,185142.0,160.0,52480.0,95420.0,24143.0
0099685/,Goodfellas,1990,R,146,"Biography, Crime, Drama",1990-09-21,USA,281510.0,312984.0,244849.0,98188.0,29085.0,11186.0,5045.0,3143.0,2282.0,6325.0,8.7,8.9,8.7,8.7,8.6,8.7,8.9,8.7,8.7,8.7,8.4,8.7,8.4,8.3,8.3,994597.0,618.0,185041.0,403823.0,112590.0,656573.0,470.0,160089.0,357161.0,95425.0,83168.0,65.0,21303.0,41381.0,15120.0
0073486/,One Flew Over the Cuckoo's Nest,1975,R,133,Drama,1975-11-19,USA,247323.0,287279.0,219440.0,88223.0,26191.0,10152.0,4570.0,2434.0,1891.0,6494.0,8.7,9.0,8.7,8.6,8.7,8.7,9.0,8.7,8.7,8.7,8.6,8.9,8.6,8.6,8.7,893997.0,433.0,175571.0,360066.0,108975.0,556644.0,313.0,136144.0,298464.0,89350.0,117935.0,69.0,36279.0,56960.0,17663.0
0047478/,Seven Samurai,1954,Not Rated,207,"Action, Adventure, Drama",1956-11-19,USA,105498.0,79158.0,61466.0,30070.0,11291.0,5854.0,3020.0,1949.0,1735.0,8898.0,8.6,8.9,8.6,8.6,8.7,8.7,8.9,8.7,8.7,8.7,8.3,8.6,8.2,8.3,8.4,308939.0,156.0,44982.0,134399.0,46221.0,211611.0,118.0,39804.0,121602.0,40577.0,21796.0,28.0,4579.0,11370.0,4912.0
0114369/,Se7en,1995,R,127,"Crime, Drama, Mystery",1995-09-22,USA,323832.0,475958.0,379284.0,152935.0,38979.0,14503.0,6684.0,4163.0,3082.0,7091.0,8.6,8.8,8.6,8.6,8.4,8.6,8.8,8.7,8.7,8.5,8.5,8.6,8.4,8.5,8.3,1406511.0,822.0,287926.0,561037.0,127499.0,857040.0,591.0,227004.0,461886.0,104825.0,178626.0,117.0,54543.0,91037.0,20153.0
0118799/,Life Is Beautiful,1997,PG-13,116,"Comedy, Drama, Romance",1997-12-20,Italy,193673.0,184406.0,129756.0,54275.0,19241.0,8991.0,4616.0,2878.0,2518.0,7284.0,8.6,8.5,8.8,8.6,8.2,8.6,8.4,8.7,8.6,8.1,8.8,8.4,9.0,8.8,8.4,607638.0,362.0,123025.0,244658.0,60277.0,346124.0,248.0,86093.0,188054.0,48399.0,104616.0,76.0,33978.0,52530.0,10632.0
0317248/,City of God,2002,R,130,"Crime, Drama",2004-02-13,USA,185012.0,223105.0,168260.0,64348.0,19837.0,8526.0,4059.0,2467.0,2299.0,9367.0,8.6,8.4,8.7,8.6,8.3,8.6,8.5,8.7,8.7,8.3,8.4,7.4,8.5,8.4,8.2,687280.0,234.0,132455.0,327484.0,55506.0,471153.0,179.0,111505.0,285054.0,48173.0,67100.0,36.0,18637.0,38458.0,6382.0
0102926/,The Silence of the Lambs,1991,R,118,"Crime, Drama, Thriller",1991-02-14,USA,289126.0,406912.0,345621.0,131623.0,35069.0,12726.0,5639.0,3207.0,2526.0,5638.0,8.6,8.6,8.6,8.6,8.6,8.6,8.7,8.6,8.6,8.6,8.6,8.4,8.6,8.5,8.7,1238087.0,732.0,245531.0,470433.0,137916.0,728486.0,492.0,184423.0,380018.0,111277.0,176492.0,148.0,55893.0,83502.0,23909.0
0038650/,It's a Wonderful Life,1946,PG,130,"Drama, Family, Fantasy",1947-01-07,USA,130321.0,96499.0,82494.0,42455.0,16184.0,7711.0,3762.0,2318.0,1902.0,5634.0,8.6,8.8,8.7,8.5,8.7,8.6,8.9,8.7,8.6,8.6,8.6,8.2,8.6,8.5,8.7,389280.0,234.0,65162.0,140511.0,69544.0,224305.0,158.0,48170.0,109374.0,54426.0,63366.0,57.0,16006.0,29523.0,14011.0
0076759/,Star Wars: Episode IV - A New Hope,1977,PG,121,"Action, Adventure, Fantasy",1977-05-25,USA,384773.0,322365.0,274424.0,130084.0,43253.0,18341.0,7837.0,5011.0,4008.0,16672.0,8.6,8.6,8.5,8.6,8.8,8.6,8.6,8.5,8.6,8.8,8.4,8.6,8.3,8.4,8.7,1206768.0,1003.0,217820.0,460107.0,149878.0,753793.0,782.0,178979.0,395102.0,126875.0,121746.0,126.0,34631.0,58682.0,20391.0
0120815/,Saving Private Ryan,1998,R,169,"Drama, War",1998-07-24,USA,311381.0,376763.0,306649.0,129025.0,41373.0,16569.0,7941.0,5014.0,3850.0,8786.0,8.6,8.6,8.7,8.5,8.5,8.6,8.7,8.7,8.6,8.5,8.1,8.0,8.3,8.0,8.1,1207351.0,683.0,229816.0,477048.0,129735.0,776955.0,512.0,195209.0,414252.0,109894.0,111322.0,86.0,29916.0,56083.0,17438.0
0245429/,Spirited Away,2001,PG,125,"Animation, Adventure, Family",2003-03-28,USA,196769.0,179879.0,139684.0,62684.0,21982.0,9581.0,4868.0,2904.0,2535.0,8578.0,8.6,8.8,8.7,8.5,8.3,8.5,8.8,8.6,8.5,8.3,8.7,8.8,8.8,8.7,8.5,629464.0,614.0,160723.0,231258.0,42464.0,345763.0,397.0,108502.0,178473.0,34297.0,114144.0,138.0,48625.0,49375.0,7286.0
0120689/,The Green Mile,1999,R,189,"Crime, Drama, Fantasy",1999-12-10,USA,293714.0,347681.0,288190.0,118684.0,36387.0,13687.0,6507.0,3904.0,2551.0,5079.0,8.6,8.7,8.7,8.5,8.4,8.6,8.7,8.7,8.5,8.3,8.7,8.6,8.8,8.6,8.6,1116384.0,713.0,223523.0,440662.0,108795.0,667094.0,486.0,171975.0,356155.0,87025.0,155811.0,117.0,46439.0,77612.0,19615.0
6751668/,Parasite,2019,R,132,"Comedy, Drama, Thriller",2019-11-08,USA,120006.0,155212.0,124935.0,50306.0,14948.0,5649.0,2434.0,1684.0,1299.0,3957.0,8.6,9.0,8.8,8.4,8.1,8.5,9.0,8.8,8.4,8.1,8.5,8.5,8.7,8.4,8.2,480430.0,987.0,114901.0,139298.0,32066.0,253488.0,654.0,85591.0,113380.0,25962.0,57400.0,168.0,23492.0,22038.0,5040.0
0816692/,Interstellar,2014,PG-13,169,"Adventure, Drama, Sci-Fi",2014-11-07,USA,520545.0,396020.0,280849.0,143833.0,55443.0,23749.0,11891.0,7394.0,5485.0,12533.0,8.6,8.8,8.9,8.5,8.0,8.6,8.9,8.9,8.5,8.0,8.4,8.3,8.6,8.3,7.8,1457742.0,1478.0,369057.0,458974.0,93448.0,849626.0,1025.0,292286.0,382485.0,78532.0,165416.0,199.0,67182.0,67768.0,12667.0
0110413/,Léon: The Professional,1994,R,110,"Action, Crime, Drama",1994-11-18,USA,257431.0,315298.0,267708.0,112093.0,31861.0,11352.0,4931.0,2550.0,1875.0,5429.0,8.5,8.6,8.6,8.6,8.4,8.5,8.6,8.5,8.6,8.4,8.6,8.2,8.7,8.6,8.5,1010528.0,628.0,200436.0,417759.0,98846.0,632553.0,418.0,154509.0,351703.0,83738.0,123706.0,115.0,41367.0,60218.0,13220.0
0114814/,The Usual Suspects,1995,R,106,"Crime, Mystery, Thriller",1995-08-16,USA,245758.0,311199.0,248683.0,104057.0,32003.0,12261.0,5465.0,3054.0,2318.0,6575.0,8.5,8.4,8.5,8.6,8.5,8.6,8.4,8.6,8.6,8.5,8.4,7.9,8.3,8.4,8.5,971373.0,442.0,173548.0,404721.0,114470.0,629865.0,346.0,147265.0,349506.0,95506.0,96192.0,51.0,23500.0,50146.0,16884.0
0056058/,Harakiri,1962,Not Rated,133,"Action, Drama, Mystery",1964-08-04,USA,11149.0,11166.0,8672.0,3393.0,1088.0,552.0,206.0,169.0,162.0,1303.0,8.6,8.2,8.7,8.6,8.5,8.7,8.4,8.8,8.6,8.5,8.3,7.4,8.3,8.4,8.2,37860.0,62.0,7158.0,15931.0,5315.0,26759.0,43.0,6477.0,14580.0,4470.0,2656.0,17.0,580.0,1185.0,772.0
8503618/,Hamilton,2020,PG-13,160,"Biography, Drama, History",2020-07-03,USA,18347.0,9535.0,5582.0,2530.0,1065.0,642.0,370.0,297.0,367.0,1845.0,8.7,8.9,8.9,8.6,7.9,8.5,8.7,8.7,8.4,7.6,9.2,9.5,9.2,9.2,9.0,40580.0,102.0,7833.0,11359.0,4226.0,18286.0,62.0,5262.0,8238.0,2859.0,7398.0,31.0,2284.0,2894.0,1266.0
0110357/,The Lion King,1994,G,88,"Animation, Adventure, Drama",1994-06-24,USA,273235.0,238016.0,232826.0,109393.0,35867.0,14226.0,5731.0,3196.0,2090.0,5265.0,8.5,8.6,8.7,8.5,7.9,8.4,8.6,8.7,8.4,7.8,8.8,8.5,8.9,8.8,8.3,919845.0,963.0,229602.0,344466.0,63266.0,509702.0,629.0,159387.0,262770.0,49133.0,167882.0,201.0,65268.0,76893.0,12964.0
0088763/,Back to the Future,1985,PG,116,"Adventure, Comedy, Sci-Fi",1985-07-03,USA,265693.0,274507.0,283790.0,135072.0,41886.0,14676.0,5985.0,3046.0,1877.0,4294.0,8.5,8.7,8.5,8.6,8.4,8.5,8.7,8.5,8.6,8.4,8.4,8.5,8.3,8.4,8.3,1030826.0,984.0,191296.0,405308.0,112772.0,626742.0,725.0,149796.0,337514.0,93302.0,125367.0,139.0,37434.0,61680.0,17350.0
0253474/,The Pianist,2002,R,150,"Biography, Drama, Music",2003-03-28,USA,165097.0,229795.0,194225.0,74732.0,21478.0,8817.0,4601.0,2774.0,2161.0,6468.0,8.5,8.6,8.7,8.5,8.2,8.5,8.6,8.6,8.5,8.2,8.6,8.1,8.8,8.6,8.4,710148.0,457.0,159790.0,285111.0,60028.0,421096.0,315.0,117316.0,227679.0,48229.0,111094.0,73.0,39072.0,53541.0,10670.0
0103064/,Terminator 2: Judgment Day,1991,R,137,"Action, Sci-Fi",1991-07-03,USA,245511.0,269240.0,261525.0,125890.0,40694.0,15455.0,6706.0,3616.0,2514.0,6138.0,8.5,8.6,8.4,8.6,8.3,8.6,8.7,8.4,8.7,8.3,8.1,8.3,7.9,8.1,8.0,977289.0,551.0,155306.0,432490.0,108610.0,657750.0,429.0,137241.0,384046.0,93270.0,76624.0,63.0,15702.0,42756.0,13409.0
0120586/,American History X,1998,R,119,Drama,1998-11-20,USA,223963.0,332463.0,288667.0,113013.0,30964.0,10912.0,5090.0,2868.0,2220.0,6174.0,8.5,8.5,8.6,8.5,8.1,8.5,8.5,8.6,8.5,8.1,8.6,8.3,8.7,8.6,8.3,1016334.0,365.0,200998.0,454083.0,82667.0,653265.0,272.0,161997.0,379628.0,69026.0,123468.0,48.0,35311.0,68285.0,12141.0
0027977/,Modern Times,1936,G,87,"Comedy, Drama, Family",1936-02-25,USA,55364.0,59140.0,55034.0,23649.0,8108.0,3732.0,1848.0,1031.0,776.0,3360.0,8.5,8.2,8.6,8.5,8.5,8.5,8.2,8.6,8.5,8.5,8.5,8.2,8.4,8.5,8.4,212042.0,169.0,46191.0,78317.0,26757.0,134416.0,129.0,37481.0,66530.0,22676.0,23796.0,25.0,7924.0,10835.0,3612.0
0054215/,Psycho,1960,R,109,"Horror, Mystery, Thriller",1960-09-08,USA,141738.0,164301.0,159443.0,75659.0,24851.0,9835.0,4386.0,2411.0,1730.0,4539.0,8.5,8.6,8.6,8.5,8.5,8.5,8.7,8.6,8.5,8.5,8.4,8.0,8.5,8.4,8.4,588893.0,425.0,115982.0,222195.0,78507.0,348526.0,311.0,86284.0,178741.0,63926.0,86801.0,73.0,27489.0,40720.0,13316.0
0172495/,Gladiator,2000,R,155,"Action, Adventure, Drama",2000-05-05,USA,344412.0,388439.0,332956.0,149143.0,50297.0,20482.0,9366.0,5559.0,3734.0,7253.0,8.5,8.3,8.6,8.5,8.3,8.6,8.4,8.6,8.6,8.3,8.3,7.9,8.4,8.2,8.2,1311641.0,651.0,253141.0,535804.0,128486.0,828346.0,492.0,208806.0,451142.0,106745.0,145538.0,87.0,39318.0,76807.0,19315.0
0021749/,City Lights,1931,G,87,"Comedy, Drama, Romance",1931-03-07,USA,46227.0,42338.0,40003.0,18466.0,6518.0,3282.0,1830.0,946.0,780.0,2931.0,8.5,8.5,8.6,8.5,8.5,8.5,8.5,8.6,8.5,8.5,8.5,9.0,8.5,8.5,8.4,163321.0,133.0,34445.0,60870.0,22276.0,104399.0,106.0,28539.0,51829.0,18572.0,17999.0,15.0,5450.0,8364.0,3345.0
0407887/,The Departed,2006,R,151,"Crime, Drama, Thriller",2006-10-06,USA,267586.0,369661.0,319585.0,130372.0,39310.0,14563.0,6549.0,3800.0,2930.0,8413.0,8.5,8.5,8.7,8.5,8.1,8.5,8.6,8.7,8.5,8.1,8.3,7.9,8.4,8.3,8.2,1162769.0,599.0,241889.0,500478.0,95743.0,758775.0,459.0,202312.0,425349.0,79599.0,127032.0,71.0,35186.0,69028.0,14525.0
1675434/,The Intouchables,2011,R,112,"Biography, Comedy, Drama",2011-11-02,France,197487.0,232841.0,187908.0,78407.0,22869.0,8130.0,3695.0,2022.0,1522.0,4012.0,8.5,8.3,8.7,8.5,8.2,8.5,8.4,8.6,8.4,8.2,8.7,7.9,8.8,8.7,8.5,738893.0,542.0,196286.0,264975.0,48152.0,422430.0,354.0,140300.0,205704.0,38449.0,125004.0,109.0,51036.0,54050.0,8495.0
2582802/,Whiplash,2014,R,106,"Drama, Music",2014-10-15,Philippines,150791.0,223448.0,190922.0,81606.0,24471.0,9181.0,4683.0,2560.0,1839.0,3838.0,8.5,8.8,8.7,8.4,8.1,8.5,8.9,8.7,8.4,8.1,8.3,8.0,8.5,8.2,8.2,693339.0,658.0,192588.0,220194.0,42466.0,400861.0,478.0,148099.0,179446.0,35002.0,92425.0,108.0,40195.0,36874.0,6458.0
0482571/,The Prestige,2006,PG-13,130,"Drama, Mystery, Sci-Fi",2006-10-20,USA,278481.0,367289.0,312460.0,132984.0,39344.0,13365.0,5831.0,2874.0,2065.0,5291.0,8.5,8.8,8.7,8.4,7.9,8.5,8.8,8.8,8.5,7.9,8.4,8.4,8.6,8.3,7.9,1159984.0,704.0,280410.0,469237.0,77384.0,725391.0,527.0,221256.0,388345.0,63761.0,151391.0,91.0,53953.0,74943.0,12264.0
0095327/,Grave of the Fireflies,1988,Not Rated,89,"Animation, Drama, War",1989-07-26,USA,66773.0,59997.0,52986.0,25268.0,9149.0,4166.0,2213.0,1268.0,1071.0,3730.0,8.5,8.6,8.6,8.5,8.2,8.5,8.6,8.6,8.4,8.1,8.6,8.7,8.6,8.6,8.4,226621.0,220.0,54865.0,87480.0,15659.0,131673.0,152.0,40216.0,70451.0,12664.0,34728.0,43.0,13617.0,15903.0,2720.0
0064116/,Once Upon a Time in the West,1968,PG-13,165,Western,1969-07-04,USA,81378.0,79219.0,71669.0,35332.0,12594.0,5787.0,2900.0,1633.0,1296.0,4375.0,8.5,8.4,8.4,8.5,8.5,8.5,8.4,8.5,8.5,8.5,8.1,8.4,8.0,8.1,8.1,296183.0,151.0,46929.0,123826.0,47224.0,207894.0,124.0,41989.0,113505.0,42416.0,18300.0,15.0,4337.0,9063.0,4086.0
0034583/,Casablanca,1942,PG,102,"Drama, Romance, War",1943-01-23,USA,154765.0,124995.0,118502.0,61992.0,22980.0,10320.0,4908.0,2898.0,2475.0,7544.0,8.5,8.3,8.4,8.4,8.6,8.5,8.4,8.5,8.5,8.7,8.3,7.8,8.2,8.3,8.6,511379.0,234.0,79641.0,202841.0,85918.0,303184.0,178.0,58209.0,160762.0,70095.0,78481.0,41.0,20219.0,39751.0,14455.0
0095765/,Cinema Paradiso,1988,R,155,Drama,1990-02-23,USA,62469.0,61379.0,54882.0,25430.0,9041.0,4080.0,2056.0,1030.0,964.0,2638.0,8.5,8.4,8.6,8.4,8.4,8.5,8.4,8.6,8.4,8.4,8.5,8.1,8.6,8.5,8.5,223969.0,125.0,39172.0,88785.0,33421.0,135133.0,96.0,29345.0,71244.0,27349.0,33059.0,20.0,9181.0,16404.0,5505.0
0047396/,Rear Window,1954,PG,112,"Mystery, Thriller",1954-09-01,USA,100751.0,121837.0,120392.0,56161.0,17621.0,6801.0,3146.0,1724.0,1353.0,4030.0,8.4,8.7,8.5,8.4,8.5,8.4,8.8,8.5,8.4,8.5,8.5,8.0,8.4,8.4,8.7,433816.0,222.0,75422.0,170108.0,66405.0,263717.0,164.0,58256.0,139055.0,53583.0,59982.0,41.0,15979.0,29057.0,11763.0
0078748/,Alien,1979,R,117,"Horror, Sci-Fi",1979-06-22,USA,174661.0,218195.0,216777.0,102725.0,31946.0,12115.0,5306.0,2914.0,2019.0,4339.0,8.4,8.5,8.3,8.4,8.7,8.5,8.5,8.3,8.5,8.7,8.2,8.1,8.0,8.2,8.5,770997.0,458.0,121779.0,314464.0,109820.0,501908.0,360.0,102318.0,274039.0,94150.0,72277.0,61.0,17451.0,36428.0,13893.0
0078788/,Apocalypse Now,1979,R,147,"Drama, Mystery, War",1979-08-15,USA,157615.0,158016.0,141335.0,74236.0,29116.0,13100.0,6622.0,3961.0,2834.0,6021.0,8.4,8.7,8.5,8.4,8.5,8.5,8.8,8.5,8.4,8.5,8.1,8.5,8.1,8.1,8.2,592856.0,237.0,89483.0,247850.0,90590.0,402024.0,197.0,78875.0,223051.0,79245.0,42888.0,29.0,9184.0,21817.0,9824.0
0209144/,Memento,2000,R,113,"Mystery, Thriller",2001-05-25,USA,248514.0,332215.0,297997.0,135078.0,43466.0,17667.0,8549.0,5061.0,3886.0,10152.0,8.4,8.7,8.5,8.5,8.2,8.5,8.7,8.6,8.5,8.2,8.2,8.2,8.3,8.2,8.0,1102585.0,538.0,227417.0,466358.0,99733.0,698564.0,420.0,182032.0,391006.0,83016.0,134044.0,60.0,41543.0,69474.0,14813.0
0082971/,Raiders of the Lost Ark,1981,PG,115,"Action, Adventure",1981-06-12,USA,208905.0,237197.0,242031.0,116199.0,34759.0,12728.0,5459.0,2770.0,1999.0,5402.0,8.4,8.4,8.3,8.4,8.7,8.5,8.5,8.3,8.5,8.7,8.2,8.2,8.0,8.2,8.6,867449.0,571.0,137367.0,347678.0,127080.0,554343.0,454.0,115376.0,299449.0,105953.0,87382.0,64.0,19644.0,43712.0,18894.0
0032553/,The Great Dictator,1940,Passed,125,"Comedy, Drama, War",1941-03-07,USA,50394.0,53604.0,51028.0,23678.0,8654.0,3888.0,2009.0,1047.0,849.0,2933.0,8.4,8.2,8.5,8.4,8.4,8.4,8.3,8.5,8.4,8.4,8.5,8.3,8.5,8.5,8.4,198084.0,126.0,40030.0,77697.0,25976.0,129747.0,96.0,33306.0,67178.0,22365.0,20108.0,22.0,6209.0,9658.0,3193.0
7286456/,Joker,2019,R,122,"Crime, Drama, Thriller",2019-10-04,USA,293027.0,231583.0,178890.0,87900.0,34539.0,14778.0,6954.0,4602.0,3623.0,10790.0,8.5,8.8,8.6,8.4,8.1,8.4,8.7,8.6,8.4,8.1,8.5,8.4,8.6,8.4,8.3,866686.0,2110.0,202343.0,243255.0,53615.0,458005.0,1333.0,153031.0,199188.0,43833.0,91127.0,270.0,35881.0,35717.0,7755.0
1853728/,Django Unchained,2012,R,165,"Drama, Western",2012-12-25,USA,282092.0,418008.0,371290.0,156351.0,48452.0,18254.0,8654.0,5298.0,4096.0,9512.0,8.4,8.7,8.6,8.4,8.0,8.4,8.7,8.7,8.4,8.0,8.3,8.1,8.5,8.3,8.1,1322007.0,889.0,324348.0,472870.0,95390.0,810930.0,653.0,259314.0,390789.0,79417.0,162527.0,104.0,58246.0,74449.0,14066.0
0405094/,The Lives of Others,2006,R,137,"Drama, Mystery, Thriller",2007-03-30,USA,72853.0,111561.0,100214.0,40714.0,11931.0,4802.0,2377.0,1201.0,972.0,3991.0,8.4,8.1,8.4,8.4,8.5,8.4,8.3,8.4,8.4,8.4,8.5,7.6,8.5,8.6,8.6,350616.0,114.0,63776.0,163759.0,40520.0,228965.0,79.0,50015.0,134894.0,33531.0,48531.0,28.0,12894.0,26990.0,6329.0
0050825/,Paths of Glory,1957,Approved,88,"Drama, War",1957-12-25,USA,37828.0,47637.0,48541.0,22678.0,7436.0,3269.0,1604.0,882.0,848.0,2630.0,8.4,8.7,8.5,8.4,8.4,8.4,8.7,8.5,8.4,8.4,8.1,9.0,8.2,8.1,8.1,173353.0,149.0,31175.0,68437.0,26309.0,119146.0,122.0,27925.0,62560.0,23568.0,10720.0,22.0,2846.0,5160.0,2329.0
0910970/,WALL·E,2008,G,98,"Animation, Adventure, Family",2008-06-27,USA,238786.0,267073.0,255499.0,127138.0,43954.0,17343.0,8234.0,5125.0,3766.0,10340.0,8.4,8.6,8.4,8.4,8.1,8.4,8.7,8.5,8.4,8.1,8.4,8.3,8.3,8.5,8.2,977258.0,981.0,227801.0,396301.0,74463.0,590562.0,691.0,169196.0,319408.0,61448.0,149352.0,189.0,54527.0,72180.0,11760.0
0081505/,The Shining,1980,R,146,"Drama, Horror",1980-06-13,USA,197392.0,243132.0,235229.0,115414.0,41299.0,17193.0,8169.0,4854.0,3317.0,6458.0,8.4,8.7,8.4,8.4,8.4,8.4,8.8,8.4,8.4,8.4,8.3,8.6,8.2,8.3,8.3,872457.0,739.0,181907.0,338661.0,91935.0,522814.0,522.0,136404.0,276534.0,75678.0,122231.0,122.0,41532.0,57550.0,14663.0
4154756/,Avengers: Infinity War,2018,PG-13,149,"Action, Adventure, Sci-Fi",2018-04-27,USA,277726.0,202379.0,166508.0,84062.0,31950.0,12432.0,5551.0,3641.0,2921.0,13536.0,8.4,8.8,8.6,8.3,8.1,8.4,8.7,8.6,8.3,8.1,8.4,8.5,8.5,8.3,8.2,800706.0,2578.0,197547.0,214487.0,46466.0,445289.0,1802.0,157174.0,180342.0,38605.0,77007.0,349.0,30729.0,28310.0,6471.0
0043014/,Sunset Blvd.,1950,Passed,110,"Drama, Film-Noir",1950-09-29,Australia,48861.0,48394.0,50549.0,26211.0,9969.0,4687.0,2333.0,1236.0,1010.0,3303.0,8.4,8.7,8.4,8.4,8.5,8.4,8.6,8.4,8.3,8.5,8.4,8.7,8.4,8.4,8.5,196553.0,96.0,31947.0,77929.0,33450.0,120671.0,76.0,25173.0,63814.0,26846.0,26928.0,16.0,6376.0,13308.0,6078.0
0051201/,Witness for the Prosecution,1957,Approved,116,"Crime, Drama, Mystery",1958-02-06,USA,20341.0,29794.0,31366.0,13310.0,4255.0,2257.0,1151.0,511.0,556.0,1603.0,8.4,8.3,8.6,8.4,8.4,8.4,8.5,8.6,8.4,8.3,8.4,7.4,8.5,8.3,8.5,105144.0,67.0,17539.0,38624.0,18816.0,65573.0,50.0,14568.0,32769.0,15330.0,12057.0,13.0,2766.0,5493.0,3215.0
4633694/,Spider-Man: Into the Spider-Verse,2018,PG,117,"Animation, Action, Adventure",2018-12-14,USA,84260.0,99070.0,89958.0,41118.0,12542.0,4307.0,1774.0,1124.0,983.0,3871.0,8.4,8.8,8.6,8.2,8.0,8.3,8.8,8.5,8.2,7.9,8.5,8.8,8.6,8.4,8.1,339007.0,1163.0,86475.0,93423.0,19193.0,190728.0,788.0,69341.0,80838.0,16426.0,28243.0,143.0,12252.0,10057.0,2130.0
0119698/,Princess Mononoke,1997,PG-13,134,"Animation, Adventure, Fantasy",1997-12-19,USA,86180.0,89202.0,85626.0,41972.0,13975.0,5634.0,2731.0,1495.0,1244.0,4361.0,8.4,8.5,8.5,8.4,8.0,8.4,8.6,8.5,8.4,8.0,8.4,8.2,8.4,8.3,8.2,332420.0,225.0,73912.0,136613.0,24310.0,194203.0,148.0,52840.0,109653.0,20123.0,52091.0,58.0,19723.0,25126.0,3740.0
0364569/,Oldboy,2003,R,120,"Action, Drama, Mystery",2003-11-21,South Korea,119206.0,145033.0,128622.0,59441.0,22075.0,9894.0,5229.0,3138.0,2541.0,7502.0,8.4,8.7,8.5,8.4,7.9,8.4,8.8,8.5,8.4,8.0,8.2,7.9,8.3,8.3,7.8,502681.0,216.0,105608.0,229785.0,36940.0,338519.0,169.0,87891.0,199796.0,32029.0,50686.0,27.0,16038.0,27388.0,4323.0
0057012/,Dr. Strangelove or: How I Learned to Stop Worrying and Love the Bomb,1964,PG,95,Comedy,1964-01-29,USA,125346.0,111232.0,101234.0,55000.0,22044.0,10444.0,5051.0,2959.0,2283.0,6580.0,8.4,8.4,8.4,8.4,8.3,8.4,8.5,8.4,8.4,8.4,8.1,7.8,8.1,8.1,8.1,442173.0,214.0,69986.0,184896.0,66487.0,293680.0,173.0,59723.0,162972.0,58336.0,37887.0,30.0,9277.0,19909.0,7070.0
1345836/,The Dark Knight Rises,2012,PG-13,164,"Action, Adventure",2012-07-20,USA,423467.0,405609.0,358515.0,172486.0,63121.0,24854.0,11860.0,6910.0,4964.0,13312.0,8.4,8.4,8.6,8.3,7.9,8.4,8.4,8.6,8.4,7.9,8.4,7.9,8.5,8.3,8.0,1485098.0,1072.0,385979.0,546153.0,92314.0,949348.0,831.0,318006.0,463990.0,78439.0,161415.0,94.0,61156.0,73790.0,12039.0
0087843/,Once Upon a Time in America,1984,R,229,"Crime, Drama",1984-06-01,USA,75931.0,79101.0,79930.0,39220.0,13962.0,6112.0,3083.0,1738.0,1312.0,2952.0,8.4,8.7,8.5,8.3,8.3,8.4,8.7,8.5,8.3,8.3,8.1,9.2,8.2,8.1,8.2,303341.0,127.0,46591.0,129484.0,46721.0,209718.0,96.0,41016.0,116886.0,41127.0,21997.0,18.0,4916.0,11150.0,4845.0
0090605/,Aliens,1986,R,137,"Action, Adventure, Sci-Fi",1986-07-18,USA,149009.0,167400.0,178586.0,89704.0,30303.0,11819.0,5213.0,2752.0,1938.0,4280.0,8.3,8.3,8.2,8.4,8.5,8.4,8.3,8.2,8.4,8.5,8.1,8.0,8.0,8.1,8.3,641004.0,283.0,87805.0,276414.0,96947.0,429284.0,221.0,76019.0,244989.0,83832.0,53450.0,41.0,10602.0,28178.0,11651.0
4154796/,Avengers: Endgame,2019,PG-13,181,"Action, Adventure, Drama",2019-04-26,USA,283042.0,163242.0,144034.0,83639.0,36403.0,16320.0,7225.0,4908.0,3762.0,19574.0,8.4,8.7,8.6,8.3,8.1,8.3,8.6,8.5,8.2,8.0,8.5,8.7,8.6,8.4,8.4,762149.0,2681.0,179183.0,202622.0,47295.0,403845.0,1601.0,137701.0,168021.0,38708.0,70362.0,336.0,26749.0,26992.0,6681.0
5311514/,Your Name.,2016,PG,106,"Animation, Drama, Fantasy",2017-04-07,USA,53875.0,46429.0,43572.0,22326.0,7377.0,2589.0,1088.0,634.0,469.0,1979.0,8.4,8.6,8.5,8.2,7.9,8.4,8.6,8.6,8.2,7.9,8.4,8.3,8.5,8.2,7.8,180338.0,479.0,52746.0,42826.0,6454.0,92509.0,318.0,39650.0,35151.0,5487.0,22359.0,101.0,11540.0,6886.0,795.0
2380307/,Coco,2017,PG,105,"Animation, Adventure, Family",2017-11-22,USA,89840.0,96629.0,98270.0,46738.0,14192.0,4279.0,1558.0,820.0,631.0,2094.0,8.4,8.4,8.5,8.3,8.1,8.3,8.4,8.4,8.2,8.1,8.6,8.6,8.7,8.5,8.3,355051.0,870.0,88716.0,105935.0,20402.0,183006.0,571.0,61839.0,82784.0,16465.0,56196.0,214.0,23990.0,21062.0,3438.0
0169547/,American Beauty,1999,R,122,Drama,1999-10-01,USA,235541.0,287225.0,281716.0,140085.0,50250.0,21379.0,10580.0,6566.0,5308.0,12623.0,8.3,8.6,8.5,8.3,8.1,8.4,8.6,8.6,8.4,8.1,8.1,8.2,8.2,8.1,7.9,1051273.0,376.0,193235.0,455179.0,114579.0,627802.0,251.0,138418.0,361100.0,92867.0,169561.0,77.0,51424.0,88344.0,19797.0
0112573/,Braveheart,1995,R,178,"Biography, Drama, History",1995-05-24,USA,238615.0,242554.0,244376.0,125685.0,45442.0,19243.0,9135.0,5587.0,4035.0,8788.0,8.3,8.2,8.3,8.4,8.1,8.4,8.2,8.3,8.5,8.1,8.0,7.4,8.0,8.0,8.0,943460.0,328.0,151232.0,417609.0,106846.0,607055.0,249.0,125708.0,353771.0,88618.0,105309.0,40.0,23389.0,58675.0,16559.0
1187043/,3 Idiots,2009,PG-13,170,"Comedy, Drama",2009-12-25,India,123666.0,85476.0,61411.0,29572.0,11443.0,5907.0,3142.0,2246.0,1930.0,8760.0,8.4,8.3,8.7,8.2,7.2,8.4,8.3,8.7,8.2,7.2,8.3,7.8,8.6,8.2,7.1,333553.0,361.0,104698.0,102698.0,10172.0,203387.0,283.0,87728.0,88040.0,8473.0,34155.0,51.0,15629.0,13521.0,1525.0
0082096/,Das Boot,1981,R,149,"Adventure, Drama, Thriller",1982-02-10,USA,51634.0,63602.0,61238.0,29056.0,9858.0,4401.0,2173.0,1207.0,922.0,3014.0,8.3,8.3,8.3,8.3,8.4,8.4,8.4,8.3,8.3,8.4,8.0,8.0,7.8,8.0,8.2,227105.0,77.0,25320.0,92156.0,48102.0,156885.0,64.0,22472.0,84287.0,43126.0,14381.0,9.0,2566.0,6936.0,4308.0
0114709/,Toy Story,1995,G,81,"Animation, Adventure, Comedy",1995-11-22,USA,177462.0,215127.0,273939.0,129330.0,40008.0,14794.0,5930.0,3164.0,2140.0,4962.0,8.3,8.4,8.4,8.2,8.2,8.3,8.5,8.5,8.2,8.2,8.2,7.9,8.3,8.2,8.3,866856.0,958.0,207966.0,317902.0,73091.0,504874.0,677.0,154975.0,254391.0,58968.0,131148.0,180.0,48978.0,59425.0,12919.0
0057565/,High and Low,1963,Not Rated,143,"Crime, Drama, Mystery",1963-11-26,USA,7144.0,8740.0,8637.0,3549.0,1144.0,538.0,261.0,232.0,225.0,1155.0,8.4,7.6,8.6,8.4,8.3,8.5,7.6,8.6,8.4,8.3,8.1,6.9,8.2,8.1,8.1,31625.0,43.0,5135.0,12996.0,5580.0,22030.0,25.0,4664.0,11875.0,4673.0,2328.0,17.0,400.0,993.0,834.0
0086879/,Amadeus,1984,R,160,"Biography, Drama, History",1984-09-19,USA,81637.0,92587.0,101279.0,52212.0,17650.0,7240.0,3346.0,1728.0,1199.0,3103.0,8.3,8.5,8.4,8.3,8.3,8.3,8.6,8.4,8.3,8.3,8.3,8.1,8.3,8.3,8.4,361981.0,169.0,60532.0,140497.0,61611.0,217227.0,125.0,45014.0,111790.0,49575.0,55568.0,31.0,14589.0,26976.0,11060.0
0986264/,Taare Zameen Par,2007,PG,165,"Drama, Family",2007-12-21,India,53417.0,43544.0,34165.0,15677.0,5490.0,2778.0,1571.0,869.0,893.0,4243.0,8.4,8.2,8.6,8.3,7.2,8.4,8.2,8.6,8.3,7.2,8.3,8.2,8.5,8.3,7.0,162647.0,199.0,47289.0,52656.0,5685.0,99057.0,149.0,39961.0,45471.0,4565.0,16262.0,37.0,6789.0,6729.0,1031.0
0086190/,Star Wars: Episode VI - Return of the Jedi,1983,PG,131,"Action, Adventure, Fantasy",1983-05-25,USA,210490.0,232458.0,270106.0,134266.0,44220.0,16356.0,6753.0,3908.0,2791.0,8895.0,8.3,8.3,8.3,8.4,8.2,8.3,8.2,8.3,8.4,8.2,8.3,8.5,8.3,8.3,8.3,930243.0,805.0,174851.0,356110.0,105873.0,585129.0,643.0,145194.0,307479.0,90313.0,90359.0,88.0,26465.0,43933.0,13867.0
0361748/,Inglourious Basterds,2009,R,153,"Adventure, Drama, War",2009-08-21,USA,244103.0,358519.0,350428.0,160123.0,55983.0,23364.0,12062.0,7745.0,5865.0,15455.0,8.3,8.6,8.5,8.3,7.8,8.3,8.6,8.5,8.3,7.8,8.3,8.0,8.5,8.3,7.9,1233647.0,851.0,284053.0,491016.0,96515.0,776115.0,624.0,225500.0,409248.0,81882.0,150945.0,111.0,52494.0,74881.0,12854.0
8267604/,Capharnaüm,2018,R,126,Drama,2018-09-20,Lebanon,14260.0,16025.0,14808.0,5758.0,1674.0,730.0,315.0,204.0,170.0,707.0,8.4,7.3,8.5,8.3,8.2,8.3,7.7,8.4,8.3,8.2,8.7,5.8,8.8,8.7,8.5,54651.0,94.0,12685.0,18237.0,4711.0,30277.0,56.0,9220.0,14444.0,3833.0,7960.0,27.0,2939.0,3374.0,756.0
0105236/,Reservoir Dogs,1992,R,99,"Crime, Drama, Thriller",1992-09-02,France,161375.0,257593.0,278449.0,126515.0,38731.0,14623.0,7022.0,4252.0,3218.0,7099.0,8.3,8.5,8.4,8.3,8.2,8.3,8.5,8.4,8.3,8.2,8.2,8.1,8.2,8.1,8.0,898877.0,553.0,176431.0,368684.0,89470.0,584741.0,430.0,148722.0,321388.0,77281.0,82784.0,66.0,24358.0,42674.0,10683.0
0119217/,Good Will Hunting,1997,R,126,"Drama, Romance",1998-01-09,USA,162099.0,231469.0,267815.0,118543.0,33979.0,11883.0,5270.0,2775.0,1989.0,4225.0,8.3,8.4,8.4,8.2,8.1,8.3,8.5,8.5,8.3,8.0,8.2,8.0,8.4,8.1,8.2,840047.0,470.0,176284.0,332471.0,83030.0,504290.0,338.0,135447.0,268592.0,66457.0,120452.0,80.0,37424.0,59588.0,15176.0
0062622/,2001: A Space Odyssey,1968,G,149,"Adventure, Sci-Fi",1968-05-12,UK,179842.0,127736.0,120281.0,70737.0,34812.0,19085.0,10877.0,7908.0,6109.0,12330.0,8.3,8.8,8.4,8.2,8.2,8.3,8.8,8.4,8.3,8.3,7.9,8.6,8.1,7.9,7.8,589717.0,410.0,101866.0,227011.0,85747.0,382827.0,336.0,86042.0,200318.0,74957.0,50010.0,44.0,14035.0,23838.0,9383.0
0180093/,Requiem for a Dream,2000,R,102,Drama,2000-12-15,USA,177654.0,202725.0,191262.0,95440.0,36903.0,16929.0,8972.0,5753.0,4465.0,10312.0,8.3,8.5,8.4,8.3,7.9,8.3,8.6,8.4,8.3,7.9,8.3,7.8,8.4,8.3,8.0,750415.0,334.0,162911.0,340104.0,52354.0,460867.0,225.0,117830.0,275286.0,43146.0,118007.0,63.0,42272.0,60763.0,8260.0
0052357/,Vertigo,1958,PG,128,"Mystery, Romance, Thriller",1958-05-22,UK,79675.0,86441.0,97999.0,53667.0,18898.0,7845.0,3486.0,1928.0,1282.0,3045.0,8.3,8.7,8.3,8.3,8.3,8.3,8.8,8.4,8.3,8.3,8.2,8.4,8.2,8.2,8.3,354266.0,213.0,63752.0,135442.0,53670.0,216454.0,166.0,49634.0,111919.0,44263.0,46116.0,33.0,13096.0,21959.0,8589.0
0022100/,M,1931,Passed,99,"Crime, Mystery, Thriller",1931-08-31,Sweden,31277.0,34757.0,36402.0,18866.0,7279.0,3635.0,1948.0,1085.0,883.0,3688.0,8.3,8.0,8.3,8.3,8.4,8.3,8.1,8.3,8.3,8.4,8.2,7.8,8.1,8.3,8.4,139820.0,83.0,22866.0,57687.0,22301.0,90277.0,60.0,18745.0,49442.0,18751.0,15320.0,20.0,3857.0,7634.0,3232.0
5074352/,Dangal,2016,Not Rated,161,"Action, Biography, Drama",2016-12-21,USA,48372.0,37061.0,33838.0,15132.0,4874.0,2324.0,1316.0,664.0,754.0,4489.0,8.4,8.4,8.5,8.3,7.5,8.4,8.3,8.5,8.2,7.4,8.5,8.7,8.6,8.4,7.6,148824.0,232.0,39751.0,37457.0,4154.0,83871.0,183.0,34476.0,32563.0,3526.0,11415.0,30.0,4634.0,4392.0,542.0
0338013/,Eternal Sunshine of the Spotless Mind,2004,R,108,"Drama, Romance, Sci-Fi",2004-03-19,USA,212769.0,236552.0,228939.0,118928.0,44993.0,19250.0,9823.0,5989.0,4509.0,10803.0,8.3,8.5,8.4,8.3,7.8,8.3,8.7,8.4,8.3,7.9,8.3,8.0,8.3,8.4,7.8,892555.0,489.0,191071.0,394228.0,71473.0,525135.0,333.0,133481.0,305444.0,57285.0,160907.0,109.0,54077.0,83983.0,13012.0
8579674/,1917,2019,R,119,"Drama, War",2020-01-10,USA,69343.0,108649.0,111645.0,52353.0,16117.0,5260.0,2027.0,1187.0,776.0,1885.0,8.3,8.5,8.4,8.2,8.1,8.3,8.5,8.4,8.2,8.1,8.3,8.0,8.4,8.2,8.2,369242.0,773.0,83156.0,109305.0,31187.0,211007.0,557.0,66723.0,93859.0,26468.0,32492.0,95.0,12356.0,12603.0,3753.0
2106476/,The Hunt,2012,R,115,Drama,2013-01-10,Denmark,41829.0,79606.0,91305.0,38083.0,10355.0,3953.0,1915.0,955.0,843.0,1859.0,8.3,8.5,8.5,8.2,8.1,8.3,8.5,8.5,8.2,8.0,8.3,7.2,8.3,8.2,8.2,270703.0,147.0,68403.0,107299.0,21519.0,168597.0,108.0,53128.0,86890.0,17632.0,39145.0,26.0,14172.0,18896.0,3485.0
0033467/,Citizen Kane,1941,PG,119,"Drama, Mystery",1941-09-05,USA,112228.0,84002.0,86943.0,50871.0,22930.0,12048.0,6214.0,4049.0,3154.0,8006.0,8.3,8.7,8.3,8.2,8.4,8.3,8.6,8.4,8.2,8.4,8.1,9.4,8.0,8.0,8.2,390445.0,192.0,60529.0,156517.0,62813.0,246219.0,153.0,49480.0,133264.0,52881.0,42602.0,24.0,10189.0,21543.0,8969.0
0093058/,Full Metal Jacket,1987,R,116,"Drama, War",1987-07-10,USA,110157.0,183902.0,215122.0,99615.0,29217.0,10186.0,4416.0,2403.0,1585.0,3476.0,8.3,8.3,8.3,8.3,8.2,8.3,8.4,8.3,8.3,8.2,8.1,7.8,8.1,8.1,8.0,660079.0,365.0,117208.0,276751.0,77907.0,447069.0,277.0,102830.0,248295.0,68825.0,47938.0,43.0,12338.0,24971.0,7862.0
0040522/,Bicycle Thieves,1948,Not Rated,89,Drama,1949-12-13,USA,31956.0,34930.0,38381.0,20071.0,7363.0,3601.0,1794.0,957.0,810.0,2252.0,8.3,8.5,8.3,8.3,8.3,8.3,8.5,8.3,8.3,8.3,8.2,8.4,8.2,8.2,8.4,142115.0,91.0,28715.0,56452.0,18146.0,90807.0,64.0,23257.0,47965.0,15478.0,16218.0,20.0,5083.0,7932.0,2396.0
0012349/,The Kid,1921,Passed,68,"Comedy, Drama, Family",1921-02-06,USA,23606.0,25988.0,33074.0,15328.0,5172.0,2467.0,1286.0,525.0,483.0,1657.0,8.3,8.5,8.4,8.3,8.3,8.3,8.4,8.3,8.3,8.2,8.4,8.8,8.4,8.4,8.3,109586.0,99.0,24012.0,40241.0,14043.0,69274.0,80.0,19700.0,34195.0,11779.0,12371.0,13.0,3999.0,5647.0,2048.0
0066921/,A Clockwork Orange,1971,R,136,"Crime, Drama, Sci-Fi",1972-02-02,USA,183921.0,187864.0,179489.0,96780.0,39436.0,18985.0,10376.0,7007.0,5581.0,12799.0,8.3,8.7,8.4,8.3,8.0,8.3,8.7,8.4,8.3,8.1,8.1,8.3,8.3,8.1,7.7,742238.0,422.0,144737.0,306840.0,81702.0,462426.0,297.0,110440.0,255691.0,70018.0,94519.0,74.0,31437.0,47239.0,10302.0
0053125/,North by Northwest,1959,Approved,136,"Adventure, Mystery, Thriller",1959-09-08,Australia,59840.0,75254.0,85646.0,43784.0,14199.0,5711.0,2635.0,1417.0,1108.0,2942.0,8.3,8.3,8.2,8.2,8.5,8.3,8.4,8.2,8.2,8.5,8.2,7.9,8.0,8.1,8.5,292536.0,124.0,41410.0,115001.0,55147.0,185763.0,101.0,34171.0,97807.0,46109.0,32266.0,19.0,6682.0,15932.0,8235.0
0045152/,Singin' in the Rain,1952,G,103,"Comedy, Musical, Romance",1952-04-11,USA,54203.0,48367.0,55150.0,30883.0,12006.0,5366.0,2629.0,1370.0,1000.0,2840.0,8.3,8.3,8.4,8.2,8.3,8.2,8.5,8.3,8.2,8.2,8.5,7.9,8.4,8.5,8.5,213814.0,138.0,37337.0,78132.0,37397.0,113832.0,93.0,24201.0,55695.0,28544.0,44927.0,34.0,12566.0,21602.0,8307.0
0208092/,Snatch,2000,R,102,"Comedy, Crime",2001-01-19,USA,151109.0,212344.0,234949.0,107212.0,33640.0,12270.0,5826.0,3173.0,2357.0,5300.0,8.3,8.1,8.3,8.3,8.0,8.3,8.1,8.3,8.4,8.0,8.1,7.2,8.1,8.1,7.8,768180.0,273.0,146049.0,356392.0,66937.0,521885.0,216.0,124484.0,309714.0,57744.0,73947.0,32.0,19426.0,42455.0,8056.0
0086250/,Scarface,1983,R,170,"Crime, Drama",1983-12-09,USA,159275.0,186477.0,210565.0,102691.0,34235.0,12979.0,6193.0,3597.0,2311.0,5078.0,8.3,8.3,8.4,8.3,8.0,8.3,8.4,8.4,8.3,8.1,8.0,7.3,8.1,8.0,7.8,723401.0,358.0,141746.0,312706.0,68679.0,493147.0,271.0,122706.0,279682.0,59420.0,57644.0,45.0,16481.0,29364.0,8177.0
0075314/,Taxi Driver,1976,R,114,"Crime, Drama",1976-02-09,USA,147835.0,179123.0,197573.0,107339.0,39111.0,15671.0,6936.0,4005.0,2756.0,5296.0,8.3,8.7,8.3,8.2,8.3,8.3,8.7,8.3,8.3,8.3,8.0,8.6,8.0,8.0,8.1,705645.0,511.0,145146.0,282462.0,74754.0,459561.0,395.0,121019.0,246776.0,64371.0,66622.0,65.0,21346.0,32322.0,9110.0
0044741/,Ikiru,1952,Not Rated,143,Drama,1956-03-25,USA,17189.0,14693.0,16148.0,8297.0,3149.0,1702.0,862.0,548.0,578.0,2600.0,8.3,8.3,8.4,8.3,8.3,8.3,8.4,8.4,8.3,8.3,8.1,7.9,8.2,8.1,8.1,65766.0,47.0,10672.0,26431.0,9833.0,42796.0,30.0,9342.0,23605.0,8210.0,5515.0,14.0,1203.0,2579.0,1507.0
0056172/,Lawrence of Arabia,1962,Approved,228,"Adventure, Biography, Drama",1962-12-11,UK,68177.0,59646.0,63668.0,35813.0,14655.0,6804.0,3465.0,1992.0,1595.0,6454.0,8.3,8.4,8.3,8.2,8.4,8.3,8.5,8.4,8.2,8.4,8.0,7.4,7.9,7.8,8.3,262269.0,117.0,35019.0,101660.0,52441.0,172250.0,90.0,30417.0,89394.0,44581.0,23449.0,21.0,4160.0,11146.0,7079.0
0211915/,Amélie,2001,R,122,"Comedy, Romance",2002-02-08,USA,180077.0,175476.0,167589.0,90893.0,34470.0,15281.0,7867.0,4907.0,3853.0,11467.0,8.3,7.8,8.2,8.3,8.2,8.2,7.8,8.2,8.3,8.2,8.5,7.7,8.4,8.5,8.3,691880.0,292.0,135176.0,303112.0,70968.0,381866.0,167.0,83266.0,222093.0,56945.0,148055.0,89.0,49503.0,76965.0,12682.0
0435761/,Toy Story 3,2010,G,103,"Animation, Adventure, Comedy",2010-06-18,USA,163562.0,180428.0,205399.0,115353.0,40937.0,15613.0,6657.0,3734.0,2648.0,7179.0,8.3,8.2,8.4,8.3,8.1,8.3,8.2,8.4,8.3,8.1,8.2,7.9,8.3,8.3,8.1,741510.0,885.0,200386.0,277616.0,52612.0,449262.0,633.0,150776.0,223925.0,42857.0,113498.0,161.0,46087.0,50132.0,8856.0
0070735/,The Sting,1973,PG,129,"Comedy, Crime, Drama",1973-12-25,USA,44375.0,63352.0,73746.0,35228.0,10534.0,4123.0,1956.0,960.0,711.0,1921.0,8.3,7.8,8.3,8.2,8.3,8.3,7.8,8.3,8.3,8.3,8.2,7.4,8.1,8.1,8.3,236906.0,85.0,29804.0,90856.0,51428.0,155509.0,71.0,25328.0,79707.0,43577.0,22377.0,11.0,4102.0,10103.0,7110.0
0017136/,Metropolis,1927,Not Rated,153,"Drama, Sci-Fi",1927-03-13,USA,37612.0,36247.0,39495.0,21440.0,8843.0,4594.0,2439.0,1381.0,1093.0,3468.0,8.3,8.3,8.3,8.2,8.3,8.3,8.2,8.3,8.2,8.3,8.3,8.5,8.2,8.3,8.3,156612.0,86.0,24958.0,63673.0,25788.0,98156.0,61.0,19413.0,52965.0,21779.0,19650.0,22.0,5200.0,9946.0,3663.0
1832382/,A Separation,2011,PG-13,123,"Drama, Thriller",2011-03-16,Iran,63410.0,50874.0,52881.0,26854.0,8948.0,4158.0,2042.0,1092.0,879.0,3613.0,8.3,8.1,8.4,8.3,8.0,8.3,8.2,8.5,8.3,8.0,8.2,7.8,8.2,8.2,8.0,214751.0,71.0,46583.0,95495.0,16618.0,135634.0,53.0,37185.0,77417.0,13416.0,30807.0,13.0,8893.0,17154.0,2937.0
0059578/,For a Few Dollars More,1965,R,132,Western,1967-05-10,USA,37539.0,60162.0,78349.0,33822.0,9130.0,3392.0,1536.0,766.0,555.0,1649.0,8.3,8.3,8.4,8.3,8.1,8.3,8.4,8.4,8.3,8.1,7.9,8.3,8.1,8.0,7.7,226900.0,151.0,37759.0,90702.0,35405.0,159549.0,125.0,34629.0,84420.0,32028.0,11464.0,16.0,2632.0,5403.0,2870.0
1255953/,Incendies,2010,R,131,"Drama, Mystery, War",2011-01-12,France,27061.0,41204.0,43825.0,18677.0,5749.0,2479.0,1188.0,806.0,723.0,1757.0,8.3,8.2,8.4,8.2,8.1,8.2,8.3,8.4,8.2,8.1,8.4,7.4,8.5,8.4,8.1,143469.0,97.0,31070.0,59601.0,14634.0,90339.0,68.0,24624.0,48514.0,12037.0,19845.0,21.0,5920.0,10245.0,2343.0
0053604/,The Apartment,1960,Approved,125,"Comedy, Drama, Romance",1960-06-29,Canada,31385.0,38858.0,48107.0,24341.0,8172.0,3467.0,1743.0,843.0,727.0,2072.0,8.3,8.2,8.4,8.2,8.2,8.3,8.4,8.5,8.3,8.2,8.1,7.7,8.2,8.1,8.1,159715.0,67.0,24172.0,63225.0,29154.0,97059.0,46.0,18567.0,50949.0,23542.0,23155.0,18.0,5295.0,11630.0,5189.0
0036775/,Double Indemnity,1944,Passed,107,"Crime, Drama, Film-Noir",1944-07-06,USA,27571.0,33909.0,41147.0,20995.0,7157.0,3316.0,1827.0,867.0,787.0,2485.0,8.3,8.1,8.3,8.2,8.4,8.3,8.1,8.3,8.3,8.4,8.1,7.9,7.9,8.0,8.3,140061.0,61.0,21844.0,53962.0,26195.0,87870.0,47.0,17605.0,45557.0,21460.0,16880.0,13.0,3990.0,7857.0,4355.0
0091251/,Come and See,1985,Not Rated,142,"Drama, War",1985-10-17,Hungary,15277.0,12026.0,13021.0,6831.0,2715.0,1402.0,720.0,513.0,448.0,1894.0,8.3,8.6,8.5,8.3,8.1,8.3,8.8,8.5,8.3,8.1,8.3,7.9,8.4,8.2,8.1,54847.0,57.0,9817.0,20998.0,7942.0,36238.0,44.0,8650.0,18986.0,6887.0,4001.0,11.0,1020.0,1820.0,945.0
0056592/,To Kill a Mockingbird,1962,Approved,129,"Crime, Drama",1963-03-16,USA,64994.0,70908.0,80608.0,42744.0,15009.0,6305.0,2783.0,1499.0,1130.0,3419.0,8.2,8.1,8.2,8.2,8.5,8.2,8.1,8.2,8.2,8.5,8.4,8.0,8.2,8.3,8.8,289399.0,136.0,52871.0,109520.0,46650.0,169219.0,100.0,38963.0,86419.0,35928.0,47844.0,30.0,13246.0,22015.0,10061.0
0097576/,Indiana Jones and the Last Crusade,1989,PG-13,127,"Action, Adventure",1989-05-24,USA,123912.0,167329.0,219430.0,109870.0,33353.0,11792.0,4835.0,2515.0,1711.0,3825.0,8.2,8.3,8.2,8.3,8.1,8.3,8.3,8.2,8.3,8.1,8.1,8.2,8.0,8.1,8.1,678572.0,433.0,107947.0,283230.0,89593.0,437299.0,348.0,90835.0,244175.0,75366.0,67744.0,56.0,15404.0,35474.0,12796.0
1049413/,Up,2009,PG,96,"Animation, Adventure, Comedy",2009-05-29,USA,180315.0,237019.0,272440.0,142876.0,47376.0,16279.0,6656.0,3421.0,2366.0,5183.0,8.2,8.4,8.3,8.2,8.1,8.2,8.4,8.3,8.2,8.0,8.4,8.2,8.4,8.4,8.3,913931.0,953.0,234072.0,346658.0,64934.0,524117.0,662.0,164550.0,268689.0,52043.0,163350.0,198.0,65169.0,73369.0,11797.0
0119488/,L.A. Confidential,1997,R,138,"Crime, Drama, Mystery",1997-09-19,USA,86216.0,142093.0,168226.0,81021.0,25028.0,9153.0,4000.0,2119.0,1421.0,3385.0,8.2,8.3,8.3,8.2,8.2,8.3,8.4,8.3,8.2,8.2,8.0,7.6,8.0,7.9,8.0,522662.0,141.0,79460.0,229819.0,78131.0,352798.0,106.0,69931.0,201481.0,65310.0,48195.0,22.0,8623.0,25882.0,11587.0
0113277/,Heat,1995,R,170,"Crime, Drama, Thriller",1995-12-15,USA,112902.0,142470.0,172118.0,87085.0,28225.0,10179.0,4059.0,2148.0,1411.0,3372.0,8.2,8.2,8.2,8.3,8.1,8.3,8.2,8.3,8.3,8.1,7.8,7.9,7.9,7.8,7.8,563969.0,199.0,83922.0,258566.0,71641.0,397441.0,156.0,76404.0,236615.0,62898.0,34829.0,28.0,6358.0,19047.0,7617.0
0071853/,Monty Python and the Holy Grail,1975,PG,91,"Adventure, Comedy, Fantasy",1975-05-25,UK,118509.0,122057.0,126954.0,68931.0,25943.0,11639.0,5867.0,3679.0,2686.0,6435.0,8.2,8.4,8.2,8.2,8.3,8.2,8.5,8.2,8.2,8.3,8.2,7.8,8.1,8.2,8.2,492700.0,263.0,86007.0,203340.0,66691.0,312386.0,216.0,69144.0,170709.0,56877.0,57818.0,29.0,15710.0,30490.0,8834.0
0095016/,Die Hard,1988,R,132,"Action, Thriller",1988-07-20,USA,137893.0,182439.0,251038.0,131112.0,39374.0,13428.0,5444.0,2827.0,1854.0,4097.0,8.2,8.3,8.1,8.2,8.2,8.3,8.3,8.2,8.3,8.3,7.9,7.9,7.8,7.8,8.1,769506.0,354.0,128087.0,334449.0,94896.0,515772.0,279.0,110750.0,293940.0,80385.0,69376.0,45.0,15580.0,36631.0,13003.0
0042876/,Rashômon,1950,Not Rated,88,"Crime, Drama, Mystery",1951-12-26,USA,33160.0,35276.0,38870.0,21869.0,8148.0,4073.0,2116.0,1110.0,1000.0,3112.0,8.2,8.1,8.2,8.2,8.3,8.2,8.4,8.2,8.2,8.3,8.1,7.3,8.0,8.1,8.2,148734.0,78.0,25576.0,62314.0,20468.0,97815.0,60.0,21699.0,54841.0,17410.0,13731.0,13.0,3553.0,6870.0,2774.0
0055630/,Yojimbo,1961,Not Rated,110,"Action, Drama, Thriller",1961-09-13,USA,21026.0,27230.0,31767.0,14817.0,5155.0,2551.0,1391.0,722.0,750.0,2643.0,8.2,8.3,8.2,8.2,8.2,8.3,8.4,8.2,8.3,8.3,7.9,8.5,7.8,7.9,8.0,108052.0,52.0,15717.0,46158.0,16174.0,73035.0,38.0,13987.0,42096.0,14180.0,7206.0,12.0,1560.0,3621.0,1776.0
0372784/,Batman Begins,2005,PG-13,140,"Action, Adventure",2005-06-15,USA,238554.0,332903.0,419606.0,193000.0,54197.0,18639.0,7981.0,4262.0,3179.0,9719.0,8.2,8.1,8.3,8.2,8.0,8.3,8.2,8.3,8.3,8.0,8.0,7.7,8.1,8.0,7.9,1282040.0,957.0,286080.0,521728.0,95268.0,828206.0,765.0,237176.0,448041.0,81235.0,132382.0,94.0,43804.0,67133.0,12475.0
6966692/,Green Book,2018,PG-13,130,"Biography, Comedy, Drama",2018-11-16,USA,60775.0,99225.0,114325.0,48253.0,13163.0,4394.0,1677.0,831.0,616.0,1801.0,8.2,8.1,8.3,8.1,8.2,8.2,8.0,8.3,8.1,8.1,8.4,8.2,8.4,8.3,8.5,345060.0,552.0,76722.0,110830.0,31238.0,189058.0,365.0,56488.0,88291.0,24404.0,46371.0,76.0,15976.0,19325.0,5788.0
0363163/,Downfall,2004,R,156,"Biography, Drama, History",2005-04-08,USA,56025.0,86805.0,106722.0,49009.0,13944.0,5161.0,2365.0,1137.0,840.0,3462.0,8.2,8.3,8.2,8.2,8.3,8.2,8.3,8.3,8.2,8.3,8.1,8.2,8.1,8.0,8.2,325470.0,130.0,58138.0,153008.0,37622.0,229597.0,108.0,49923.0,135627.0,33276.0,28436.0,12.0,7531.0,15844.0,3847.0
0118849/,Children of Heaven,1997,PG,89,"Drama, Family, Sport",1999-01-22,USA,15469.0,15020.0,17024.0,8372.0,2919.0,1459.0,838.0,323.0,365.0,930.0,8.3,8.2,8.4,8.3,7.9,8.3,8.2,8.4,8.2,7.8,8.5,8.3,8.5,8.5,8.3,62719.0,62.0,13326.0,23226.0,5044.0,35529.0,42.0,10424.0,18900.0,3912.0,8463.0,17.0,2727.0,4135.0,1054.0
0105695/,Unforgiven,1992,R,130,"Drama, Western",1992-08-07,USA,66414.0,93217.0,114531.0,58891.0,19103.0,6977.0,3309.0,1623.0,1205.0,3087.0,8.2,8.4,8.1,8.2,8.3,8.2,8.4,8.2,8.2,8.4,7.8,8.3,7.7,7.7,7.9,368357.0,127.0,50633.0,153498.0,66816.0,259325.0,94.0,46481.0,141715.0,58671.0,21913.0,24.0,3556.0,10142.0,7167.0
0053291/,Some Like It Hot,1959,Passed,121,"Comedy, Music, Romance",1959-03-19,USA,52961.0,53890.0,67009.0,38087.0,13809.0,5545.0,2535.0,1376.0,1059.0,2494.0,8.2,8.3,8.3,8.1,8.3,8.2,8.3,8.3,8.1,8.3,8.4,8.1,8.4,8.3,8.4,238765.0,107.0,38206.0,91603.0,43745.0,131812.0,73.0,24765.0,67060.0,34297.0,47553.0,27.0,12890.0,23526.0,8781.0
0089881/,Ran,1985,R,162,"Action, Drama, War",1985-06-01,Japan,25703.0,26012.0,28150.0,14970.0,5796.0,2907.0,1378.0,968.0,748.0,2683.0,8.2,8.6,8.3,8.2,8.2,8.2,8.4,8.4,8.2,8.2,8.0,9.4,8.0,8.0,8.1,109315.0,46.0,14179.0,44710.0,20254.0,73944.0,37.0,12793.0,40707.0,17631.0,7350.0,8.0,1217.0,3534.0,2345.0
0066763/,Anand,1971,Not Rated,122,"Drama, Musical",1971-03-12,India,11865.0,7471.0,4228.0,1815.0,780.0,446.0,214.0,191.0,207.0,1243.0,8.5,6.9,8.7,8.5,6.7,8.5,7.3,8.7,8.5,6.7,7.9,3.2,8.1,8.1,6.5,28460.0,35.0,6941.0,10049.0,1185.0,19132.0,23.0,6543.0,9421.0,1020.0,1222.0,9.0,344.0,575.0,152.0
0347149/,Howl's Moving Castle,2004,PG,119,"Animation, Adventure, Family",2005-06-17,USA,72825.0,77820.0,94367.0,47605.0,15344.0,5416.0,2237.0,1334.0,975.0,2908.0,8.2,8.2,8.3,8.1,7.9,8.1,8.1,8.2,8.0,7.8,8.6,8.5,8.7,8.6,8.3,320831.0,276.0,80314.0,124423.0,21602.0,170005.0,175.0,50143.0,92097.0,17061.0,68230.0,74.0,28460.0,30601.0,4130.0
0268978/,A Beautiful Mind,2001,PG-13,135,"Biography, Drama",2002-01-04,USA,144430.0,219358.0,277725.0,124900.0,37125.0,12586.0,5166.0,2877.0,1857.0,3834.0,8.2,8.2,8.4,8.1,7.8,8.2,8.3,8.4,8.1,7.8,8.3,8.0,8.4,8.2,8.0,829858.0,321.0,182135.0,333420.0,72990.0,496585.0,222.0,137104.0,266830.0,58204.0,126492.0,58.0,41874.0,61931.0,13473.0
0042192/,All About Eve,1950,Passed,138,Drama,1950-10-27,USA,27294.0,26142.0,31524.0,17408.0,6595.0,3447.0,1754.0,963.0,698.0,2185.0,8.2,7.4,8.2,8.1,8.4,8.1,7.3,8.2,8.1,8.3,8.4,7.8,8.3,8.4,8.7,118010.0,49.0,16382.0,43820.0,25170.0,64870.0,36.0,11522.0,32582.0,18502.0,22743.0,11.0,4654.0,10813.0,6327.0
0057115/,The Great Escape,1963,Not Rated,172,"Adventure, Drama, History",1963-07-04,USA,40213.0,55037.0,71421.0,34693.0,10283.0,3497.0,1336.0,862.0,626.0,2297.0,8.2,8.3,8.2,8.2,8.3,8.2,8.3,8.2,8.2,8.3,8.1,8.1,8.1,8.0,8.2,220265.0,79.0,29403.0,87113.0,44316.0,150940.0,62.0,26375.0,79000.0,38605.0,15788.0,12.0,2692.0,7244.0,5099.0
0112641/,Casino,1995,R,178,"Crime, Drama",1995-11-22,USA,77032.0,114428.0,152627.0,72478.0,21523.0,7596.0,2938.0,1696.0,1168.0,2948.0,8.2,8.2,8.3,8.2,7.9,8.2,8.2,8.3,8.2,8.0,7.9,8.0,8.0,7.9,7.7,454434.0,212.0,69019.0,204033.0,57270.0,313562.0,158.0,61977.0,184184.0,49482.0,32133.0,31.0,5848.0,17514.0,6906.0
0457430/,Pan's Labyrinth,2006,R,118,"Drama, Fantasy, War",2007-01-19,USA,126183.0,153356.0,165220.0,92278.0,35557.0,14264.0,6839.0,4113.0,2853.0,7546.0,8.2,8.6,8.2,8.2,8.1,8.2,8.6,8.2,8.2,8.0,8.3,8.3,8.2,8.3,8.2,608209.0,237.0,121138.0,283036.0,56673.0,377384.0,169.0,86958.0,225033.0,46533.0,102100.0,43.0,32286.0,54829.0,9264.0
0993846/,The Wolf of Wall Street,2013,R,180,"Biography, Crime, Drama",2013-12-25,USA,215583.0,304694.0,336883.0,170322.0,59666.0,23554.0,11031.0,7323.0,5425.0,11384.0,8.2,8.5,8.4,8.1,7.7,8.2,8.6,8.5,8.2,7.7,7.8,7.8,7.9,7.8,7.5,1145865.0,915.0,306070.0,378199.0,69474.0,673502.0,648.0,237741.0,308921.0,57219.0,149327.0,122.0,61071.0,62646.0,10748.0
1305806/,The Secret in Their Eyes,2009,R,129,"Drama, Mystery, Romance",2010-05-21,USA,34311.0,50511.0,58902.0,28207.0,8829.0,3297.0,1329.0,803.0,603.0,1710.0,8.2,7.4,8.2,8.2,8.1,8.2,7.4,8.3,8.2,8.1,8.2,7.3,8.2,8.2,8.2,188502.0,49.0,34118.0,89780.0,20791.0,122416.0,36.0,26433.0,72817.0,17217.0,27866.0,11.0,7142.0,15821.0,3242.0
0120735/,"Lock, Stock and Two Smoking Barrels",1998,R,107,"Action, Comedy, Crime",1998-08-28,UK,91293.0,136260.0,173913.0,80998.0,23685.0,8160.0,3500.0,1992.0,1718.0,4178.0,8.2,8.3,8.2,8.2,7.9,8.2,8.4,8.3,8.2,7.9,8.1,7.0,8.2,8.1,7.7,525697.0,131.0,90406.0,252775.0,53531.0,367415.0,104.0,79096.0,223396.0,46548.0,45117.0,12.0,10150.0,26593.0,6158.0
0081398/,Raging Bull,1980,R,129,"Biography, Drama, Sport",1980-12-19,USA,62865.0,73928.0,92994.0,50030.0,17683.0,7122.0,3534.0,1923.0,1378.0,3267.0,8.2,8.4,8.2,8.1,8.1,8.2,8.5,8.3,8.2,8.2,7.7,8.0,7.8,7.7,7.7,314724.0,168.0,51815.0,135731.0,42183.0,218798.0,136.0,46712.0,124525.0,37262.0,19361.0,19.0,4398.0,9836.0,4300.0
0096283/,My Neighbor Totoro,1988,G,86,"Animation, Family, Fantasy",1990-07-13,USA,61970.0,64723.0,82176.0,44284.0,14638.0,5128.0,2048.0,1112.0,885.0,2882.0,8.2,8.2,8.2,8.2,8.1,8.1,8.2,8.1,8.1,8.1,8.4,8.2,8.3,8.5,8.4,279846.0,320.0,70843.0,103817.0,18818.0,148751.0,194.0,46152.0,77558.0,14973.0,55600.0,96.0,23175.0,24656.0,3427.0
0469494/,There Will Be Blood,2007,R,158,Drama,2008-01-25,USA,110555.0,118475.0,133396.0,76353.0,31302.0,13384.0,6681.0,4208.0,3168.0,7065.0,8.2,8.7,8.4,8.1,7.7,8.2,8.8,8.4,8.1,7.7,7.9,8.3,8.1,7.8,7.6,504587.0,245.0,91158.0,237272.0,52279.0,352256.0,184.0,79778.0,209945.0,44745.0,43638.0,36.0,9998.0,24860.0,6735.0
0055031/,Judgment at Nuremberg,1961,Approved,179,"Drama, War",1961-12-18,Sweden,12412.0,16553.0,21017.0,10146.0,3250.0,1423.0,547.0,390.0,315.0,1576.0,8.2,7.2,8.3,8.2,8.2,8.2,7.3,8.3,8.2,8.2,8.3,6.5,8.3,8.2,8.4,67629.0,27.0,9149.0,25200.0,15095.0,44130.0,19.0,7790.0,22018.0,12628.0,6808.0,7.0,1253.0,2948.0,2288.0
0040897/,The Treasure of the Sierra Madre,1948,Passed,126,"Adventure, Drama, Western",1948-01-24,USA,21481.0,25718.0,32797.0,17724.0,6421.0,2893.0,1502.0,766.0,642.0,1921.0,8.2,7.7,8.2,8.1,8.3,8.2,7.9,8.2,8.2,8.3,7.9,7.1,7.8,7.8,8.2,111865.0,36.0,13499.0,42265.0,25350.0,74199.0,29.0,11779.0,37828.0,21994.0,8998.0,6.0,1591.0,4075.0,3022.0
5027774/,"Three Billboards Outside Ebbing, Missouri",2017,R,115,"Comedy, Crime, Drama",2017-12-01,USA,56048.0,115048.0,140326.0,66773.0,19814.0,6717.0,3072.0,1936.0,1389.0,2614.0,8.2,8.3,8.3,8.1,8.1,8.1,8.3,8.3,8.0,8.0,8.2,7.9,8.3,8.1,8.2,413737.0,373.0,92641.0,137818.0,39720.0,234736.0,281.0,70062.0,110832.0,31692.0,57752.0,65.0,20126.0,24466.0,7168.0
0046912/,Dial M for Murder,1954,PG,105,"Crime, Thriller",1954-05-29,USA,21055.0,37131.0,57253.0,25638.0,6904.0,2518.0,980.0,648.0,522.0,1290.0,8.2,8.0,8.3,8.2,8.0,8.2,8.1,8.3,8.2,8.0,8.2,7.6,8.2,8.1,8.2,153939.0,90.0,27029.0,59810.0,25535.0,96263.0,64.0,21594.0,49621.0,20835.0,19990.0,20.0,5113.0,9591.0,4328.0
0476735/,Babam ve Oglum,2005,,112,"Drama, Family",2005-11-18,Turkey,29143.0,15757.0,14426.0,7967.0,3230.0,1701.0,1093.0,487.0,476.0,2110.0,8.3,7.9,8.4,8.3,7.3,8.3,7.9,8.4,8.3,7.4,8.5,7.2,8.6,8.4,7.2,76390.0,71.0,17112.0,30107.0,3974.0,44456.0,52.0,13110.0,24693.0,3314.0,10208.0,14.0,3735.0,5018.0,611.0
0071315/,Chinatown,1974,R,130,"Drama, Mystery, Thriller",1974-06-20,USA,54427.0,68531.0,86708.0,49029.0,16362.0,5836.0,2320.0,1234.0,850.0,2461.0,8.2,8.1,8.2,8.1,8.2,8.2,8.2,8.2,8.1,8.2,7.9,7.6,7.9,7.8,8.1,287758.0,145.0,47790.0,119122.0,46136.0,194610.0,114.0,40971.0,105457.0,39838.0,25338.0,25.0,6187.0,12371.0,5607.0
0015864/,The Gold Rush,1925,Passed,95,"Adventure, Comedy, Drama",1925-07-13,Brazil,20040.0,21233.0,30159.0,15348.0,5206.0,2245.0,885.0,610.0,443.0,1740.0,8.2,8.0,8.2,8.1,8.2,8.2,8.1,8.2,8.1,8.3,8.1,7.9,8.1,8.1,8.1,97909.0,72.0,17919.0,37623.0,15571.0,64359.0,53.0,15362.0,32882.0,13345.0,9186.0,16.0,2344.0,4382.0,2026.0
1130884/,Shutter Island,2010,R,138,"Mystery, Thriller",2010-02-19,USA,192722.0,293432.0,352352.0,165119.0,55400.0,19033.0,8545.0,4656.0,3196.0,5332.0,8.2,8.5,8.4,8.0,7.5,8.1,8.5,8.5,8.0,7.5,8.2,8.3,8.4,8.1,7.7,1099787.0,710.0,283170.0,422728.0,71993.0,667041.0,485.0,214751.0,342482.0,59099.0,160625.0,114.0,62407.0,74362.0,11543.0
0477348/,No Country for Old Men,2007,R,122,"Crime, Drama, Thriller",2007-11-21,USA,148117.0,212893.0,243106.0,127968.0,48305.0,20934.0,9987.0,6330.0,4823.0,11977.0,8.1,8.5,8.3,8.1,8.0,8.2,8.6,8.3,8.1,8.0,7.7,7.9,7.8,7.7,7.8,834440.0,425.0,159616.0,366617.0,85945.0,563993.0,332.0,137083.0,319486.0,73180.0,78518.0,44.0,19682.0,42855.0,11358.0
0434409/,V for Vendetta,2005,R,132,"Action, Drama, Sci-Fi",2006-03-17,USA,227130.0,251084.0,271941.0,151286.0,57471.0,22572.0,10171.0,6054.0,4331.0,9960.0,8.2,8.2,8.4,8.1,7.7,8.2,8.2,8.4,8.1,7.7,8.2,8.0,8.4,8.1,7.6,1012000.0,505.0,230947.0,440868.0,77794.0,650718.0,368.0,178781.0,366595.0,66070.0,136765.0,77.0,48627.0,69331.0,10481.0
0050976/,The Seventh Seal,1957,Not Rated,96,"Drama, Fantasy",1958-10-13,USA,39472.0,34885.0,40350.0,23334.0,9448.0,4699.0,2117.0,1338.0,1137.0,3217.0,8.2,8.2,8.2,8.1,8.1,8.1,8.3,8.2,8.1,8.1,8.2,8.0,8.2,8.1,8.2,159997.0,102.0,30831.0,65718.0,21473.0,104636.0,76.0,25360.0,56718.0,18050.0,17163.0,20.0,4992.0,8287.0,3132.0
2096673/,Inside Out,2015,PG,95,"Animation, Adventure, Comedy",2015-06-19,USA,111548.0,148342.0,171482.0,99137.0,36787.0,13053.0,5214.0,2843.0,1802.0,4470.0,8.1,8.0,8.3,8.1,7.9,8.2,8.0,8.3,8.1,7.9,8.2,8.0,8.3,8.2,7.9,594678.0,904.0,157530.0,189124.0,34414.0,313476.0,595.0,109111.0,145868.0,27598.0,102482.0,211.0,44974.0,40022.0,6087.0
1291584/,Warrior,2011,PG-13,140,"Action, Drama, Sport",2011-09-09,USA,84327.0,111121.0,130473.0,66659.0,20657.0,6985.0,2761.0,1449.0,1255.0,2848.0,8.2,8.2,8.4,8.1,7.7,8.2,8.2,8.4,8.1,7.7,8.2,7.5,8.4,8.1,7.8,428535.0,105.0,109941.0,184462.0,26444.0,305152.0,88.0,96884.0,164477.0,22869.0,35100.0,7.0,11628.0,17756.0,3135.0
0080678/,The Elephant Man,1980,PG,124,"Biography, Drama",1980-10-10,USA,38386.0,50781.0,68576.0,35952.0,11721.0,4446.0,1900.0,938.0,628.0,1835.0,8.1,8.4,8.2,8.1,8.1,8.1,8.3,8.2,8.1,8.1,8.2,8.7,8.3,8.2,8.2,215163.0,99.0,34523.0,88345.0,37611.0,138446.0,76.0,27346.0,74303.0,31012.0,27160.0,16.0,6716.0,13112.0,6062.0
0117951/,Trainspotting,1996,R,93,Drama,1996-08-09,USA,108534.0,157071.0,198713.0,98316.0,32413.0,12125.0,5577.0,3424.0,2706.0,5721.0,8.1,8.2,8.2,8.1,8.0,8.1,8.3,8.2,8.1,8.0,8.1,7.7,8.2,8.1,7.9,624600.0,237.0,117776.0,275635.0,64684.0,390153.0,167.0,88711.0,225913.0,54346.0,87251.0,46.0,26985.0,46207.0,9265.0
0167404/,The Sixth Sense,1999,PG-13,107,"Drama, Mystery, Thriller",1999-08-06,USA,142436.0,224151.0,295588.0,149674.0,48857.0,16315.0,6902.0,3789.0,2873.0,5772.0,8.1,8.3,8.2,8.1,8.2,8.1,8.2,8.2,8.1,8.2,8.2,8.3,8.2,8.1,8.4,896357.0,409.0,154939.0,389675.0,106362.0,541138.0,280.0,116003.0,309357.0,85034.0,140057.0,88.0,36564.0,75489.0,19597.0
0084787/,The Thing,1982,R,109,"Horror, Mystery, Sci-Fi",1982-06-25,USA,74362.0,78694.0,108133.0,60670.0,21692.0,8230.0,3491.0,1928.0,1249.0,2841.0,8.1,8.5,8.1,8.1,8.2,8.2,8.4,8.2,8.1,8.2,7.7,8.5,7.7,7.7,7.8,361290.0,226.0,57701.0,154669.0,53967.0,248857.0,183.0,50086.0,138685.0,47509.0,28178.0,25.0,6764.0,14239.0,5662.0
0107290/,Jurassic Park,1993,PG-13,127,"Action, Adventure, Sci-Fi",1993-06-11,USA,153061.0,178678.0,278648.0,151956.0,49910.0,18101.0,7444.0,4116.0,2540.0,4057.0,8.1,8.2,8.1,8.2,7.9,8.1,8.3,8.1,8.2,7.9,8.0,8.0,8.0,8.0,8.0,848511.0,690.0,161952.0,340638.0,83019.0,521081.0,520.0,129192.0,285586.0,68995.0,100603.0,102.0,29888.0,50477.0,12656.0
0031381/,Gone with the Wind,1939,Passed,238,"Drama, History, Romance",1940-01-17,USA,80031.0,56325.0,67405.0,39816.0,17923.0,8659.0,4503.0,2995.0,2277.0,4761.0,8.1,8.0,8.3,8.1,8.2,8.0,8.0,8.2,7.9,8.0,8.5,7.9,8.4,8.5,8.6,284695.0,116.0,40548.0,113002.0,53242.0,141476.0,70.0,23116.0,73038.0,38847.0,73151.0,40.0,16851.0,38656.0,13648.0
0120382/,The Truman Show,1998,PG,103,"Comedy, Drama, Sci-Fi",1998-06-05,USA,138071.0,214691.0,317110.0,160739.0,49320.0,16854.0,6725.0,3682.0,2317.0,4195.0,8.1,8.6,8.3,8.1,7.7,8.1,8.6,8.4,8.1,7.7,8.0,8.3,8.2,8.0,7.6,913704.0,640.0,196178.0,366207.0,81969.0,549352.0,470.0,147705.0,296957.0,67504.0,130652.0,104.0,44521.0,64178.0,13007.0
0050986/,Wild Strawberries,1957,Not Rated,91,"Drama, Romance",1959-06-22,USA,20418.0,20491.0,25900.0,14044.0,5468.0,2465.0,1059.0,716.0,677.0,2035.0,8.2,8.4,8.3,8.1,8.1,8.2,8.3,8.3,8.1,8.1,8.2,8.6,8.2,8.1,8.1,93273.0,68.0,17226.0,38252.0,12700.0,59081.0,42.0,13757.0,32284.0,10755.0,11088.0,21.0,3224.0,5594.0,1771.0
0266543/,Finding Nemo,2003,G,100,"Animation, Adventure, Comedy",2003-05-30,USA,163610.0,209725.0,308494.0,164299.0,50833.0,16396.0,6133.0,3360.0,2334.0,5003.0,8.1,8.1,8.2,8.1,8.1,8.1,8.2,8.2,8.0,8.0,8.3,7.9,8.3,8.3,8.4,930187.0,863.0,230911.0,347150.0,72566.0,521461.0,599.0,162124.0,264752.0,57359.0,169488.0,179.0,64527.0,78045.0,14004.0
0083658/,Blade Runner,1982,R,117,"Action, Sci-Fi, Thriller",1982-06-25,USA,162884.0,153896.0,168678.0,103129.0,46074.0,20181.0,9515.0,5613.0,3737.0,6136.0,8.1,8.3,8.0,8.0,8.5,8.2,8.4,8.0,8.1,8.5,7.8,8.1,7.7,7.7,8.3,679843.0,405.0,102939.0,269279.0,107027.0,443096.0,335.0,87330.0,236680.0,92719.0,58722.0,43.0,13718.0,29113.0,12526.0
3170832/,Room,2015,R,118,"Drama, Thriller",2016-01-22,USA,53005.0,92078.0,123849.0,61086.0,17389.0,5564.0,2141.0,1226.0,825.0,2053.0,8.1,8.0,8.3,8.0,7.9,8.1,7.9,8.3,8.0,7.9,8.3,8.3,8.4,8.2,8.2,359216.0,316.0,94391.0,117449.0,24487.0,188940.0,199.0,64192.0,88826.0,18968.0,67119.0,79.0,28118.0,26702.0,5059.0
0050212/,The Bridge on the River Kwai,1957,PG,161,"Adventure, Drama, War",1957-12-14,USA,33325.0,48023.0,64627.0,33835.0,10454.0,3829.0,1546.0,956.0,781.0,1915.0,8.1,8.1,8.2,8.1,8.2,8.2,8.2,8.2,8.1,8.2,7.9,7.4,7.7,7.8,8.2,199291.0,75.0,21202.0,77070.0,46567.0,135321.0,59.0,19130.0,69963.0,40545.0,14225.0,10.0,1818.0,6334.0,5399.0
0079944/,Stalker,1979,Not Rated,162,"Drama, Sci-Fi",1980-04-17,Netherlands,33979.0,22475.0,23879.0,14220.0,6535.0,3698.0,2054.0,1501.0,1241.0,2930.0,8.2,8.7,8.4,8.1,7.8,8.1,8.6,8.4,8.1,7.8,8.2,8.6,8.4,8.2,8.0,112512.0,98.0,21275.0,47022.0,13628.0,74115.0,68.0,17809.0,41279.0,11721.0,10547.0,24.0,3089.0,5211.0,1701.0
0266697/,Kill Bill: Vol. 1,2003,R,111,"Action, Crime, Thriller",2003-10-10,USA,180477.0,234968.0,293784.0,148198.0,54871.0,23814.0,12159.0,8450.0,7007.0,16096.0,8.1,8.3,8.2,8.1,7.9,8.1,8.4,8.2,8.1,7.9,8.1,8.1,8.2,8.1,7.7,979824.0,631.0,193124.0,416753.0,91225.0,614732.0,453.0,151074.0,346898.0,77464.0,122747.0,103.0,38249.0,64353.0,12176.0
0116282/,Fargo,1996,R,98,"Crime, Drama, Thriller",1996-04-05,USA,97589.0,148467.0,190484.0,100613.0,34586.0,12761.0,5855.0,3551.0,2479.0,6037.0,8.1,8.1,8.1,8.1,8.3,8.1,8.2,8.1,8.1,8.3,8.0,7.8,7.9,7.9,8.3,602422.0,242.0,98717.0,247850.0,87570.0,389081.0,195.0,82766.0,213124.0,72766.0,63071.0,35.0,14387.0,31766.0,13440.0
0353969/,Memories of Murder,2003,Not Rated,132,"Action, Crime, Drama",2003-05-02,South Korea,21065.0,31833.0,43289.0,21143.0,6266.0,2378.0,975.0,571.0,446.0,1393.0,8.1,8.2,8.3,8.1,7.7,8.1,8.4,8.4,8.1,7.7,7.9,7.2,8.1,7.9,7.7,129359.0,107.0,29610.0,53292.0,9676.0,86241.0,76.0,25559.0,47372.0,8304.0,10726.0,18.0,3512.0,5284.0,1187.0
0046438/,Tokyo Story,1953,Not Rated,136,Drama,1972-03-13,USA,12495.0,9808.0,13337.0,7469.0,2936.0,1549.0,730.0,507.0,424.0,1528.0,8.2,7.7,8.3,8.1,8.2,8.2,7.7,8.3,8.1,8.2,8.1,7.8,8.1,8.1,8.2,50783.0,49.0,9085.0,18886.0,7245.0,31566.0,29.0,7671.0,16468.0,6022.0,4875.0,16.0,1277.0,2218.0,1124.0
0041959/,The Third Man,1949,Approved,93,"Film-Noir, Mystery, Thriller",1949-10-12,France,34049.0,34459.0,41481.0,24918.0,9971.0,4411.0,2116.0,1226.0,796.0,2283.0,8.1,8.1,8.1,8.1,8.3,8.1,8.3,8.1,8.1,8.3,8.0,7.5,7.9,8.0,8.3,155710.0,71.0,21296.0,60322.0,31097.0,100925.0,50.0,18079.0,52558.0,26621.0,14690.0,18.0,2966.0,7155.0,4019.0
0047296/,On the Waterfront,1954,Approved,108,"Crime, Drama, Thriller",1954-06-22,Japan,27335.0,31513.0,41634.0,22245.0,7947.0,3143.0,1433.0,865.0,630.0,2241.0,8.1,7.8,8.2,8.1,8.2,8.1,8.0,8.2,8.1,8.2,8.0,7.0,8.0,8.0,8.2,138986.0,75.0,20821.0,54410.0,25761.0,90646.0,54.0,17782.0,47640.0,21644.0,13414.0,16.0,2801.0,6272.0,3767.0
1205489/,Gran Torino,2008,R,116,Drama,2009-01-09,USA,106889.0,184790.0,234297.0,119673.0,36404.0,12064.0,5184.0,2961.0,2079.0,4245.0,8.1,8.1,8.2,8.1,8.0,8.1,8.2,8.2,8.1,8.0,8.1,8.2,8.2,8.1,8.1,708586.0,181.0,141035.0,319123.0,73911.0,486184.0,136.0,119875.0,275229.0,62383.0,73886.0,30.0,19132.0,40060.0,10311.0
0077416/,The Deer Hunter,1978,R,183,"Drama, War",1979-02-23,USA,56824.0,74009.0,90524.0,48081.0,17662.0,7510.0,3687.0,2215.0,1554.0,3109.0,8.1,8.7,8.2,8.1,8.2,8.1,8.8,8.2,8.1,8.2,8.1,8.1,8.1,8.0,8.2,305175.0,116.0,40075.0,128886.0,56612.0,210749.0,88.0,35501.0,116673.0,48916.0,22873.0,19.0,4081.0,10834.0,6868.0
3011894/,Wild Tales,2014,R,122,"Comedy, Drama, Thriller",2014-08-21,Argentina,26547.0,43550.0,58844.0,28211.0,7959.0,2705.0,1121.0,638.0,456.0,1212.0,8.1,8.1,8.3,8.1,8.0,8.1,8.2,8.3,8.1,7.9,8.2,7.9,8.3,8.2,8.1,171243.0,69.0,38837.0,68222.0,14797.0,105054.0,50.0,29682.0,55244.0,12495.0,24393.0,12.0,8462.0,11900.0,1987.0
4729430/,Klaus,2019,PG,96,"Animation, Adventure, Comedy",2019-11-15,USA,16301.0,18864.0,23250.0,12110.0,3345.0,948.0,303.0,162.0,127.0,371.0,8.2,8.2,8.3,8.1,7.9,8.1,8.3,8.2,8.0,7.8,8.4,7.9,8.5,8.3,8.2,75781.0,207.0,19010.0,24388.0,4389.0,40698.0,143.0,13648.0,19300.0,3543.0,11173.0,38.0,4549.0,4519.0,740.0
0107207/,In the Name of the Father,1993,R,133,"Biography, Drama",1994-02-25,USA,21736.0,37858.0,55651.0,25591.0,6850.0,2428.0,997.0,594.0,430.0,1169.0,8.1,8.2,8.3,8.1,7.9,8.1,8.4,8.3,8.1,7.9,8.2,7.6,8.3,8.2,8.0,153304.0,63.0,23306.0,64661.0,25345.0,101041.0,43.0,19916.0,55027.0,21017.0,16749.0,11.0,3115.0,8852.0,3945.0
0978762/,Mary and Max,2009,Not Rated,92,"Animation, Comedy, Drama",2009-04-09,Australia,30020.0,39655.0,49163.0,25302.0,8474.0,3474.0,1522.0,1007.0,779.0,2101.0,8.1,8.5,8.2,8.1,7.9,8.1,8.6,8.1,8.0,7.8,8.4,7.9,8.4,8.4,8.2,161497.0,100.0,38068.0,74098.0,11723.0,95874.0,71.0,26421.0,55901.0,9294.0,32576.0,18.0,11181.0,17361.0,2251.0
8108198/,Andhadhun,2018,Not Rated,139,"Crime, Thriller",2018-10-05,USA,22442.0,17481.0,14089.0,6672.0,2425.0,944.0,409.0,291.0,256.0,1435.0,8.3,8.5,8.5,8.0,6.7,8.2,8.4,8.5,8.0,6.7,8.0,7.9,8.2,7.9,6.4,66444.0,127.0,18409.0,15610.0,1798.0,38818.0,98.0,16485.0,14052.0,1533.0,3717.0,10.0,1350.0,1332.0,228.0
2267998/,Gone Girl,2014,R,149,"Drama, Mystery, Thriller",2014-10-03,USA,110454.0,220216.0,288121.0,138754.0,43276.0,14989.0,6792.0,4139.0,2844.0,6644.0,8.1,8.3,8.3,8.0,7.7,8.1,8.3,8.4,8.0,7.7,8.1,8.1,8.2,7.9,7.7,836229.0,449.0,219361.0,292519.0,58454.0,478690.0,298.0,158719.0,230313.0,46385.0,138731.0,92.0,56457.0,57632.0,10931.0
2119532/,Hacksaw Ridge,2016,R,139,"Biography, Drama, History",2016-11-04,USA,81367.0,107143.0,128094.0,65952.0,21067.0,7779.0,3416.0,1721.0,1184.0,2521.0,8.1,8.5,8.3,7.9,8.0,8.1,8.4,8.3,7.9,8.0,8.3,8.0,8.4,8.1,8.3,420244.0,512.0,105741.0,128345.0,31686.0,251417.0,369.0,86658.0,110356.0,26877.0,42211.0,78.0,16892.0,16078.0,4230.0
2278388/,The Grand Budapest Hotel,2014,R,99,"Adventure, Comedy, Crime",2014-03-28,USA,108507.0,178687.0,216824.0,112377.0,39719.0,15091.0,6858.0,3950.0,2781.0,4782.0,8.1,8.4,8.3,8.0,7.8,8.1,8.4,8.3,8.0,7.8,8.1,8.5,8.3,8.1,7.9,689576.0,426.0,178662.0,245299.0,53426.0,396882.0,299.0,129101.0,192138.0,42711.0,115286.0,90.0,46253.0,49293.0,9636.0
0112471/,Before Sunrise,1995,R,101,"Drama, Romance",1995-01-27,USA,52989.0,59181.0,80259.0,42143.0,14935.0,6176.0,2806.0,1537.0,1240.0,2704.0,8.1,8.6,8.3,8.0,7.7,8.1,8.6,8.3,8.1,7.7,8.1,8.4,8.2,8.0,7.7,263970.0,141.0,61039.0,111293.0,22939.0,146266.0,88.0,39800.0,81134.0,18024.0,57004.0,33.0,20194.0,28895.0,4533.0
0118715/,The Big Lebowski,1998,R,117,"Comedy, Crime, Sport",1998-03-06,USA,160807.0,157197.0,189827.0,114639.0,47162.0,19480.0,9214.0,5561.0,4179.0,8038.0,8.1,8.2,8.0,8.2,8.0,8.1,8.3,8.1,8.2,8.1,7.8,7.6,7.7,7.8,7.8,716104.0,323.0,131636.0,312409.0,78759.0,475574.0,262.0,110313.0,271075.0,67568.0,70594.0,37.0,19156.0,37560.0,9904.0
0264464/,Catch Me If You Can,2002,PG-13,141,"Biography, Crime, Drama",2002-12-25,USA,109235.0,185974.0,308366.0,143426.0,36854.0,10834.0,3744.0,1938.0,1244.0,2007.0,8.1,8.4,8.3,8.0,7.7,8.1,8.4,8.3,8.0,7.6,8.1,8.0,8.3,7.9,7.8,803622.0,623.0,182649.0,308597.0,63783.0,476376.0,436.0,139536.0,249412.0,51579.0,113468.0,102.0,39076.0,54826.0,10984.0
0116231/,The Bandit,1996,,128,"Crime, Drama, Thriller",1996-11-29,Turkey,24203.0,13081.0,11719.0,6282.0,2373.0,1227.0,588.0,467.0,405.0,1823.0,8.2,6.8,8.3,8.4,6.9,8.2,7.0,8.3,8.3,7.1,8.3,6.9,8.4,8.5,6.0,62168.0,47.0,12491.0,27343.0,3434.0,40297.0,34.0,10854.0,23995.0,2863.0,5341.0,11.0,1461.0,2955.0,531.0
0060827/,Persona,1966,Not Rated,83,"Drama, Thriller",1967-03-16,USA,24490.0,20375.0,24847.0,14370.0,6597.0,3123.0,1536.0,1062.0,796.0,2206.0,8.1,8.3,8.3,8.0,7.8,8.1,8.4,8.3,8.0,7.8,8.2,7.8,8.3,8.2,7.9,99402.0,105.0,22669.0,38539.0,11127.0,60412.0,69.0,17191.0,31438.0,9081.0,14433.0,29.0,5125.0,6670.0,1917.0
0035446/,To Be or Not to Be,1942,Passed,99,"Comedy, War",1942-03-06,USA,6196.0,6544.0,7905.0,3785.0,1336.0,645.0,290.0,178.0,142.0,798.0,8.2,7.4,8.3,8.2,8.2,8.2,7.5,8.3,8.2,8.2,8.2,6.4,8.3,8.2,7.9,27819.0,30.0,3453.0,10551.0,7379.0,18500.0,18.0,2827.0,8898.0,6186.0,3315.0,11.0,581.0,1518.0,1108.0
1950186/,Ford v Ferrari,2019,PG-13,152,"Action, Biography, Drama",2019-11-15,USA,39449.0,67164.0,93420.0,41632.0,10484.0,3010.0,931.0,498.0,413.0,866.0,8.1,8.3,8.2,8.0,8.0,8.1,8.3,8.2,8.0,8.0,8.1,7.8,8.2,8.0,8.2,257867.0,484.0,56099.0,80644.0,23133.0,152314.0,353.0,46788.0,69434.0,19281.0,21631.0,51.0,6792.0,9231.0,3144.0
1392214/,Prisoners,2013,R,153,"Crime, Drama, Mystery",2013-09-20,USA,76733.0,147136.0,215683.0,100862.0,26454.0,8191.0,3160.0,1700.0,1128.0,2438.0,8.1,8.6,8.3,8.0,7.8,8.1,8.7,8.3,8.0,7.8,8.0,8.3,8.2,7.9,7.8,583485.0,334.0,150005.0,217414.0,40437.0,366098.0,237.0,120322.0,181198.0,33351.0,73093.0,54.0,26952.0,33091.0,6322.0
0017925/,The General,1926,Passed,67,"Action, Adventure, Comedy",1927-01-02,USA,16940.0,16501.0,22022.0,12414.0,4611.0,2258.0,1023.0,708.0,616.0,1916.0,8.1,8.0,8.1,8.1,8.2,8.2,8.0,8.2,8.1,8.3,8.0,8.0,7.9,8.0,8.1,79009.0,61.0,13034.0,29808.0,13997.0,51309.0,44.0,11174.0,26136.0,12096.0,7078.0,16.0,1712.0,3345.0,1730.0
0015324/,Sherlock Jr.,1924,Passed,45,"Action, Comedy, Romance",1924-05-11,USA,8119.0,8489.0,11690.0,5986.0,2224.0,1053.0,449.0,327.0,383.0,1194.0,8.2,7.7,8.3,8.1,8.1,8.2,7.8,8.3,8.1,8.1,8.1,7.7,8.2,8.1,7.9,39914.0,66.0,8602.0,15339.0,5373.0,26323.0,44.0,7261.0,13443.0,4555.0,3894.0,21.0,1231.0,1743.0,750.0
0892769/,How to Train Your Dragon,2010,PG,98,"Animation, Action, Adventure",2010-03-26,USA,121516.0,150562.0,210479.0,115100.0,34285.0,10516.0,3820.0,1913.0,1274.0,3610.0,8.1,8.1,8.2,8.1,7.9,8.0,8.0,8.1,8.0,7.8,8.4,8.2,8.5,8.4,8.2,653075.0,717.0,179364.0,244354.0,43100.0,377869.0,493.0,127196.0,188811.0,34117.0,119723.0,139.0,49313.0,52514.0,8254.0
0031679/,Mr. Smith Goes to Washington,1939,Passed,129,"Comedy, Drama",1939-10-19,USA,20937.0,24125.0,29521.0,16741.0,6094.0,2711.0,1221.0,834.0,640.0,1973.0,8.1,7.7,8.1,8.1,8.2,8.1,7.8,8.2,8.1,8.2,8.1,7.4,8.0,8.1,8.3,104797.0,51.0,13505.0,39944.0,22181.0,64947.0,32.0,11029.0,33484.0,18105.0,12724.0,16.0,2331.0,6047.0,3789.0
2024544/,12 Years a Slave,2013,R,134,"Biography, Drama, History",2013-11-08,USA,92511.0,157748.0,209301.0,105346.0,33833.0,11827.0,4919.0,2944.0,2195.0,5710.0,8.1,8.1,8.3,8.0,7.8,8.1,8.2,8.3,8.0,7.8,8.1,7.8,8.3,8.0,8.1,626334.0,329.0,164004.0,224370.0,47455.0,372373.0,217.0,123056.0,179325.0,37805.0,97590.0,79.0,38032.0,41719.0,8785.0
0072684/,Barry Lyndon,1975,PG,185,"Adventure, Drama, History",1975-12-18,USA,32809.0,29780.0,39713.0,23766.0,9241.0,4057.0,1907.0,1136.0,797.0,2629.0,8.1,8.7,8.3,8.0,7.8,8.1,8.8,8.4,8.1,7.9,7.7,8.0,7.8,7.7,7.6,145835.0,105.0,22426.0,59945.0,24574.0,98249.0,80.0,19377.0,53286.0,21491.0,11867.0,20.0,2703.0,5941.0,2708.0
1392190/,Mad Max: Fury Road,2015,R,120,"Action, Adventure, Sci-Fi",2015-05-15,USA,170779.0,205067.0,226306.0,133759.0,57329.0,25514.0,12987.0,8535.0,6222.0,12603.0,8.1,8.3,8.3,8.0,7.6,8.1,8.3,8.3,8.1,7.6,7.9,7.5,8.1,7.8,7.4,859101.0,642.0,204437.0,295424.0,62398.0,525305.0,500.0,167443.0,252024.0,53853.0,87312.0,61.0,32925.0,38535.0,7218.0
0074958/,Network,1976,R,121,Drama,1976-11-27,USA,27462.0,30789.0,41688.0,24709.0,9050.0,3571.0,1533.0,833.0,576.0,2047.0,8.1,8.1,8.2,8.1,8.0,8.1,8.2,8.2,8.1,8.0,7.9,7.7,7.9,7.9,8.0,142258.0,54.0,21331.0,60604.0,25541.0,98234.0,41.0,18778.0,54267.0,21583.0,11984.0,10.0,2288.0,5684.0,3556.0
0092005/,Stand by Me,1986,R,89,"Adventure, Drama",1986-11-26,USA,65538.0,77906.0,118231.0,63340.0,19082.0,6250.0,2255.0,1151.0,832.0,2116.0,8.1,8.3,8.1,8.1,8.1,8.0,8.2,8.0,8.0,8.0,8.2,8.5,8.2,8.2,8.3,356701.0,177.0,57244.0,150874.0,53315.0,216427.0,129.0,42598.0,120059.0,42813.0,55845.0,32.0,13863.0,29142.0,9725.0
0405159/,Million Dollar Baby,2004,PG-13,132,"Drama, Sport",2005-01-28,USA,96113.0,150214.0,206659.0,105716.0,34753.0,13061.0,5996.0,3384.0,2446.0,6416.0,8.1,8.2,8.2,8.0,8.0,8.1,8.2,8.2,8.0,8.0,8.0,8.1,8.2,8.0,7.9,624758.0,202.0,118666.0,278474.0,66397.0,397946.0,133.0,91826.0,228665.0,54616.0,87717.0,47.0,25039.0,46417.0,10696.0
0061512/,Cool Hand Luke,1967,GP,127,"Crime, Drama",1967-11-01,USA,28025.0,36980.0,50745.0,27033.0,8751.0,3197.0,1317.0,725.0,512.0,1498.0,8.1,7.6,8.1,8.1,8.2,8.1,7.9,8.1,8.1,8.2,8.0,6.7,8.0,7.9,8.2,158783.0,60.0,18545.0,63947.0,34794.0,107316.0,41.0,16206.0,56805.0,30049.0,13485.0,15.0,2141.0,6504.0,4289.0
1028532/,Hachi: A Dog's Tale,2009,G,93,"Drama, Family",2010-03-12,UK,64594.0,51444.0,66202.0,38386.0,14086.0,5477.0,2159.0,1298.0,959.0,2076.0,8.1,8.2,8.3,8.0,7.7,8.0,8.2,8.2,7.9,7.7,8.3,8.5,8.5,8.3,8.1,246681.0,229.0,69989.0,86442.0,17307.0,137350.0,146.0,47888.0,66077.0,13118.0,48232.0,59.0,20965.0,19273.0,3914.0
0097165/,Dead Poets Society,1989,PG,128,"Comedy, Drama",1989-06-09,USA,74909.0,92676.0,134948.0,68953.0,22908.0,8677.0,3835.0,2078.0,1368.0,2229.0,8.1,8.3,8.2,8.0,8.0,8.0,8.4,8.2,7.9,7.9,8.3,8.1,8.4,8.2,8.2,412581.0,262.0,85251.0,155103.0,51019.0,230019.0,161.0,57989.0,117855.0,40672.0,74794.0,71.0,25525.0,35167.0,9476.0
0052618/,Ben-Hur,1959,G,212,"Adventure, Drama, History",1959-11-18,Canada,44412.0,44933.0,63202.0,35610.0,13454.0,5774.0,2518.0,1550.0,1226.0,2670.0,8.1,7.9,8.1,8.0,8.2,8.1,8.0,8.1,8.1,8.2,7.9,7.7,7.8,7.8,8.0,215349.0,89.0,26495.0,86864.0,42843.0,141240.0,69.0,22524.0,75429.0,36409.0,21116.0,15.0,3646.0,10533.0,5841.0
0758758/,Into the Wild,2007,R,148,"Adventure, Biography, Drama",2007-10-19,USA,114195.0,136746.0,157590.0,88197.0,32668.0,13367.0,6139.0,3757.0,2819.0,6511.0,8.1,8.2,8.3,8.1,7.7,8.1,8.2,8.3,8.1,7.7,8.1,7.7,8.2,8.0,7.8,561989.0,181.0,134032.0,247336.0,42758.0,353286.0,122.0,98087.0,200769.0,34975.0,90227.0,37.0,33928.0,43770.0,7035.0
1201607/,Harry Potter and the Deathly Hallows: Part 2,2011,PG-13,130,"Adventure, Drama, Fantasy",2011-07-15,USA,178955.0,154885.0,205998.0,120493.0,43888.0,17035.0,6978.0,4105.0,3047.0,10073.0,8.1,8.5,8.3,7.9,7.8,8.0,8.4,8.2,7.8,7.7,8.5,8.5,8.7,8.4,8.3,745457.0,785.0,240502.0,245670.0,46057.0,424164.0,538.0,170136.0,186927.0,35667.0,142179.0,168.0,66338.0,55571.0,9644.0
0091763/,Platoon,1986,R,120,"Drama, War",1987-02-06,USA,54115.0,88281.0,131896.0,64779.0,19768.0,6897.0,2880.0,1608.0,1211.0,2767.0,8.1,7.8,8.0,8.1,8.1,8.1,7.9,8.0,8.1,8.1,7.8,7.5,7.7,7.8,7.9,374202.0,107.0,50823.0,163025.0,62997.0,262923.0,81.0,46075.0,149144.0,54901.0,24800.0,19.0,4146.0,12199.0,7227.0
3315342/,Logan,2017,R,137,"Action, Drama, Sci-Fi",2017-03-03,USA,130635.0,151960.0,177722.0,103159.0,37577.0,13292.0,5783.0,3089.0,2125.0,4355.0,8.1,8.6,8.3,7.9,7.7,8.1,8.6,8.3,7.9,7.7,7.9,8.5,8.1,7.8,7.7,629697.0,795.0,150724.0,196127.0,39810.0,375078.0,631.0,125464.0,168676.0,34220.0,57958.0,85.0,21922.0,24163.0,4772.0
0046268/,The Wages of Fear,1953,Not Rated,131,"Adventure, Drama, Thriller",1955-02-16,USA,9869.0,11864.0,15449.0,8181.0,2761.0,1428.0,582.0,420.0,437.0,2142.0,8.1,7.5,8.1,8.1,8.2,8.2,7.8,8.1,8.2,8.2,7.7,6.5,7.6,7.7,7.9,53133.0,27.0,6231.0,21331.0,11482.0,36263.0,20.0,5589.0,19436.0,10044.0,3705.0,5.0,584.0,1691.0,1294.0
0079470/,Monty Python's Life of Brian,1979,R,94,Comedy,1979-08-17,USA,68590.0,82468.0,105943.0,60281.0,22208.0,8871.0,3921.0,2220.0,1690.0,4004.0,8.1,8.3,8.0,8.1,8.2,8.1,8.3,8.0,8.1,8.2,8.0,8.0,7.9,8.0,8.1,360196.0,183.0,61301.0,148033.0,53519.0,234885.0,140.0,50295.0,126200.0,46279.0,38548.0,24.0,10134.0,20099.0,6424.0
1979320/,Rush,2013,R,123,"Action, Biography, Drama",2013-09-27,USA,62116.0,106499.0,149764.0,74665.0,19400.0,5753.0,2070.0,1042.0,811.0,1896.0,8.1,8.0,8.3,8.0,7.8,8.1,8.0,8.3,8.0,7.8,8.0,7.4,8.2,7.9,7.8,424016.0,146.0,107127.0,165474.0,33333.0,287504.0,114.0,91823.0,143902.0,28740.0,40593.0,16.0,13789.0,19273.0,3986.0
4016934/,The Handmaiden,2016,Not Rated,145,"Drama, Romance, Thriller",2016-06-01,South Korea,16025.0,26455.0,35425.0,17512.0,5314.0,2036.0,884.0,524.0,384.0,1035.0,8.1,8.2,8.3,8.0,7.7,8.0,8.4,8.3,7.9,7.7,8.1,7.2,8.3,8.0,7.7,105594.0,99.0,26311.0,36984.0,8360.0,59839.0,58.0,18857.0,29583.0,6944.0,16512.0,32.0,6851.0,6834.0,1253.0
0019254/,The Passion of Joan of Arc,1928,Passed,114,"Biography, Drama, History",1928-10-25,France,12560.0,7950.0,10723.0,6401.0,2707.0,1620.0,854.0,642.0,558.0,2018.0,8.1,8.0,8.2,8.1,8.2,8.2,7.8,8.2,8.1,8.2,8.1,8.5,8.1,8.1,8.2,46033.0,39.0,7502.0,17042.0,7218.0,28037.0,24.0,6297.0,14713.0,5969.0,4604.0,14.0,1101.0,2139.0,1163.0
0053198/,The 400 Blows,1959,Not Rated,99,"Crime, Drama",1959-11-16,USA,21084.0,21365.0,29486.0,16555.0,6101.0,2641.0,1187.0,725.0,624.0,2522.0,8.1,8.1,8.2,8.0,8.0,8.1,8.1,8.2,8.0,8.0,8.1,8.0,8.1,8.1,8.1,102290.0,78.0,19828.0,41171.0,14122.0,64722.0,53.0,15612.0,34681.0,11877.0,12548.0,18.0,3912.0,6039.0,2053.0
0048021/,Rififi,1955,Not Rated,118,"Crime, Drama, Thriller",1956-06-05,USA,4902.0,6397.0,8127.0,3788.0,1358.0,565.0,250.0,166.0,135.0,1134.0,8.2,7.6,8.2,8.2,8.1,8.2,7.5,8.2,8.2,8.2,7.9,10.0,7.9,7.9,7.7,26822.0,8.0,3433.0,11832.0,6226.0,19773.0,7.0,3101.0,10802.0,5321.0,2080.0,1.0,287.0,913.0,820.0
0060107/,Andrei Rublev,1966,R,205,"Biography, Drama, History",1973-10-01,USA,13954.0,7889.0,9848.0,5910.0,2410.0,1461.0,803.0,567.0,504.0,1672.0,8.1,8.5,8.3,8.1,8.1,8.1,8.5,8.3,8.1,8.1,8.2,8.5,8.3,8.1,8.3,45018.0,51.0,7114.0,16641.0,7044.0,27909.0,34.0,6111.0,14639.0,5948.0,3891.0,14.0,898.0,1836.0,1006.0
0395169/,Hotel Rwanda,2004,PG-13,121,"Biography, Drama, History",2005-02-04,USA,49074.0,81383.0,115625.0,56071.0,15184.0,4936.0,1962.0,1147.0,942.0,3511.0,8.1,7.9,8.1,8.1,7.9,8.1,7.8,8.0,8.1,7.9,8.2,8.2,8.2,8.2,8.2,329835.0,77.0,57770.0,159101.0,36408.0,217885.0,58.0,45522.0,133016.0,29665.0,44661.0,13.0,11544.0,24560.0,6247.0
1895587/,Spotlight,2015,R,129,"Biography, Crime, Drama",2015-11-20,USA,49650.0,101371.0,149193.0,74892.0,20567.0,6435.0,2188.0,1130.0,789.0,2034.0,8.1,7.8,8.2,8.0,8.0,8.0,7.8,8.2,8.0,8.0,8.1,7.5,8.2,8.0,8.3,408249.0,188.0,99831.0,141642.0,33063.0,235958.0,143.0,75714.0,113529.0,26296.0,59635.0,34.0,22028.0,25762.0,6047.0
0245712/,Amores Perros,2000,R,154,"Drama, Thriller",2001-04-13,USA,33209.0,55135.0,73865.0,35264.0,10988.0,4170.0,1798.0,1106.0,1048.0,3167.0,8.1,7.5,8.1,8.1,8.0,8.1,7.5,8.1,8.1,8.0,8.1,6.6,8.1,8.1,8.0,219750.0,55.0,31357.0,113555.0,24782.0,143159.0,43.0,24227.0,92433.0,20740.0,31444.0,7.0,6673.0,19775.0,3631.0
0113247/,La Haine,1995,Not Rated,98,"Crime, Drama",1996-02-23,USA,25609.0,34703.0,45978.0,23349.0,7341.0,3010.0,1292.0,813.0,666.0,2395.0,8.1,8.6,8.2,8.1,7.7,8.1,8.5,8.2,8.1,7.7,8.0,8.7,8.1,8.0,7.7,145156.0,78.0,28964.0,65674.0,13822.0,97291.0,61.0,23731.0,57050.0,11947.0,14882.0,14.0,4723.0,7800.0,1657.0
0087544/,Nausicaä of the Valley of the Wind,1984,PG,117,"Animation, Adventure, Fantasy",1987-11-25,USA,28518.0,32978.0,44064.0,24164.0,7976.0,3102.0,1250.0,807.0,681.0,2132.0,8.1,7.6,8.1,8.1,7.9,8.1,7.6,8.1,8.1,7.8,8.1,7.8,8.1,8.1,8.0,145672.0,98.0,31001.0,61574.0,12076.0,87880.0,66.0,22921.0,50029.0,10048.0,21415.0,25.0,7518.0,10719.0,1798.0
0075148/,Rocky,1976,PG,120,"Drama, Sport",1976-12-03,USA,93969.0,103582.0,166953.0,92271.0,28911.0,10280.0,3943.0,2298.0,1600.0,3625.0,8.1,8.2,8.1,8.0,8.0,8.1,8.2,8.1,8.1,8.0,7.6,8.0,7.7,7.5,7.7,507432.0,321.0,92247.0,210974.0,61489.0,347262.0,248.0,81972.0,190317.0,52828.0,37202.0,41.0,8899.0,18176.0,7702.0
0405508/,Rang De Basanti,2006,Not Rated,167,"Comedy, Drama",2006-01-26,USA,36406.0,27631.0,21612.0,10328.0,4176.0,2236.0,1194.0,877.0,936.0,3923.0,8.2,7.7,8.5,8.0,6.2,8.2,7.7,8.5,8.1,6.2,7.7,7.9,8.1,7.6,6.0,109319.0,57.0,30175.0,40380.0,3709.0,72801.0,47.0,27649.0,36552.0,2973.0,7234.0,7.0,2341.0,3603.0,693.0
1954470/,Gangs of Wasseypur,2012,R,321,"Action, Crime, Drama",2012-06-22,India,29214.0,20417.0,13969.0,6395.0,2414.0,1460.0,700.0,520.0,592.0,3259.0,8.2,7.0,8.6,8.0,5.8,8.2,7.3,8.7,8.0,5.9,6.8,4.9,7.3,6.9,5.0,78940.0,61.0,22958.0,25375.0,2327.0,52962.0,48.0,22084.0,24082.0,2031.0,2341.0,10.0,687.0,1143.0,271.0
0198781/,"Monsters, Inc.",2001,G,92,"Animation, Adventure, Comedy",2001-11-02,USA,124711.0,166514.0,285292.0,149858.0,44302.0,13576.0,4977.0,2580.0,1743.0,3420.0,8.0,8.1,8.2,8.0,8.0,8.0,8.1,8.1,7.9,8.0,8.2,8.0,8.3,8.2,8.2,796973.0,844.0,203576.0,284817.0,63644.0,448838.0,576.0,144260.0,220327.0,50953.0,138678.0,175.0,55439.0,60752.0,11569.0
0032976/,Rebecca,1940,Approved,130,"Drama, Mystery, Romance",1940-04-12,USA,21976.0,26615.0,36924.0,20222.0,7073.0,2792.0,1139.0,707.0,549.0,1760.0,8.1,7.9,8.1,8.0,8.2,8.0,8.2,8.0,8.0,8.1,8.3,7.0,8.2,8.2,8.5,119757.0,51.0,16800.0,46701.0,24003.0,67779.0,30.0,12009.0,35319.0,17958.0,22112.0,17.0,4587.0,10865.0,5706.0
8613070/,Portrait of a Lady on Fire,2019,R,122,"Drama, Romance",2020-02-14,USA,10724.0,12594.0,13774.0,7930.0,3188.0,1271.0,624.0,331.0,265.0,808.0,8.1,7.9,8.3,7.9,7.6,8.0,8.3,8.3,7.9,7.6,8.2,6.5,8.4,8.1,7.5,51509.0,129.0,13405.0,14987.0,4173.0,25806.0,85.0,9067.0,11248.0,3366.0,8872.0,35.0,3820.0,3402.0,715.0
0381681/,Before Sunset,2004,R,80,"Drama, Romance",2004-07-30,USA,45392.0,48714.0,69159.0,37870.0,13775.0,5601.0,2573.0,1591.0,1282.0,3726.0,8.1,8.4,8.2,8.0,7.6,8.1,8.4,8.3,8.0,7.6,8.0,8.5,8.1,7.9,7.6,229683.0,107.0,50045.0,103109.0,21266.0,130797.0,67.0,32970.0,75453.0,16554.0,49702.0,25.0,16256.0,26520.0,4377.0
0118694/,In the Mood for Love,2000,PG,98,"Drama, Romance",2001-03-09,USA,26610.0,26111.0,32447.0,18528.0,7386.0,3256.0,1646.0,980.0,748.0,2009.0,8.1,8.4,8.2,8.0,7.9,8.0,8.3,8.1,8.0,7.9,8.2,8.9,8.2,8.2,8.1,119721.0,67.0,22939.0,50999.0,13826.0,70104.0,44.0,16582.0,39314.0,11106.0,20580.0,19.0,5965.0,11003.0,2482.0
0025316/,It Happened One Night,1934,Approved,105,"Comedy, Romance",1934-02-22,USA,17816.0,19234.0,27626.0,15427.0,5403.0,2382.0,964.0,618.0,555.0,1646.0,8.1,7.8,8.1,8.0,8.1,8.0,7.8,8.1,8.0,8.1,8.2,7.7,8.2,8.2,8.3,91671.0,47.0,13960.0,34193.0,18379.0,51987.0,30.0,9966.0,25994.0,14125.0,16475.0,15.0,3828.0,7869.0,4017.0
4430212/,Drishyam,2015,Not Rated,163,"Crime, Drama, Mystery",2015-07-31,USA,22680.0,17566.0,13572.0,5899.0,2062.0,1113.0,537.0,377.0,477.0,2184.0,8.2,7.8,8.5,7.9,6.5,8.2,7.9,8.5,8.0,6.5,7.7,5.7,8.1,7.5,6.1,66467.0,73.0,18977.0,17889.0,1892.0,40741.0,54.0,17680.0,16596.0,1633.0,2926.0,13.0,1106.0,1150.0,234.0
0087884/,"Paris, Texas",1984,R,145,Drama,1984-08-23,UK,17087.0,18203.0,26138.0,14614.0,5435.0,2416.0,1143.0,637.0,429.0,962.0,8.1,8.7,8.3,8.0,7.8,8.0,8.7,8.3,8.0,7.9,8.1,8.7,8.3,8.0,7.8,87064.0,67.0,15166.0,32549.0,15042.0,54532.0,47.0,11770.0,27374.0,12970.0,10289.0,17.0,3140.0,4797.0,1837.0
0018773/,The Circus,1928,Passed,72,"Comedy, Romance",1928-01-29,Canada,4599.0,5764.0,9763.0,4598.0,1311.0,457.0,183.0,101.0,175.0,881.0,8.1,7.6,8.2,8.1,8.1,8.1,7.6,8.2,8.1,8.1,8.2,7.7,8.2,8.1,8.1,27832.0,26.0,5783.0,10978.0,4640.0,19293.0,22.0,5022.0,9649.0,3860.0,2773.0,3.0,693.0,1241.0,733.0
4857264/,The Invisible Guest,2016,,106,"Crime, Drama, Mystery",2017-01-06,Spain,23151.0,32224.0,43354.0,20655.0,5750.0,1755.0,666.0,356.0,239.0,537.0,8.1,7.9,8.2,8.0,7.8,8.0,7.9,8.2,7.9,7.7,8.2,6.2,8.4,8.1,7.9,128687.0,145.0,31648.0,44591.0,8015.0,71547.0,93.0,22353.0,35384.0,6633.0,20030.0,31.0,8180.0,8247.0,1198.0
1454029/,The Help,2011,PG-13,146,Drama,2011-08-10,USA,72240.0,97961.0,141859.0,70756.0,21054.0,7340.0,2950.0,1612.0,1186.0,3518.0,8.0,8.0,8.2,8.0,8.0,7.9,7.9,8.0,7.9,7.8,8.4,8.1,8.5,8.3,8.4,420476.0,190.0,101482.0,169689.0,42926.0,200001.0,96.0,51937.0,106959.0,28815.0,131370.0,73.0,47737.0,60305.0,13344.0
0093779/,The Princess Bride,1987,PG,98,"Adventure, Family, Fantasy",1987-10-09,USA,99960.0,81069.0,96891.0,60225.0,24106.0,10021.0,4516.0,2815.0,1831.0,4812.0,8.1,8.0,7.9,8.0,8.2,8.0,8.0,7.9,7.9,8.2,8.2,7.8,8.0,8.2,8.5,386246.0,187.0,58205.0,155928.0,62043.0,205694.0,123.0,36473.0,111910.0,47365.0,81298.0,52.0,20804.0,42158.0,13705.0
0058946/,The Battle of Algiers,1966,Not Rated,121,"Drama, War",1967-09-20,USA,11143.0,11107.0,13944.0,7381.0,2843.0,1429.0,573.0,409.0,377.0,2187.0,8.1,8.0,8.1,8.1,8.1,8.1,8.1,8.1,8.1,8.1,7.9,8.7,7.8,7.9,8.0,51393.0,15.0,7711.0,22503.0,9458.0,36308.0,8.0,6677.0,20250.0,8136.0,4334.0,5.0,940.0,2035.0,1201.0
0088247/,The Terminator,1984,R,107,"Action, Sci-Fi",1984-10-26,USA,114809.0,158924.0,278749.0,155130.0,47473.0,15702.0,6112.0,3190.0,2148.0,4082.0,8.0,8.1,7.9,8.0,8.2,8.1,8.1,7.9,8.1,8.3,7.7,8.2,7.5,7.7,8.0,786319.0,500.0,129901.0,337992.0,95037.0,525656.0,402.0,113312.0,298154.0,81232.0,66670.0,54.0,14718.0,35655.0,12274.0
10431500/,Yedinci Kogustaki Mucize,2019,,132,Drama,2019-10-11,Turkey,10158.0,6668.0,6532.0,3346.0,1300.0,538.0,246.0,144.0,100.0,317.0,8.3,8.6,8.3,8.2,8.0,8.2,8.3,8.2,8.1,8.0,8.5,9.0,8.5,8.4,8.3,29349.0,92.0,7580.0,8455.0,1257.0,14920.0,58.0,5088.0,6703.0,1034.0,4062.0,16.0,1936.0,1423.0,182.0
0111495/,Three Colors: Red,1994,R,99,"Drama, Mystery, Romance",1994-11-23,USA,17426.0,19183.0,26553.0,14016.0,4868.0,2111.0,942.0,583.0,507.0,1931.0,8.1,8.2,8.3,8.0,7.9,8.0,8.6,8.3,8.0,7.9,8.0,7.4,8.2,8.0,8.0,88120.0,46.0,14151.0,36183.0,15192.0,54716.0,28.0,10863.0,29291.0,12609.0,12479.0,15.0,3090.0,6482.0,2373.0
5323662/,A Silent Voice: The Movie,2016,Not Rated,130,"Animation, Drama, Family",2016-09-17,Japan,10726.0,9927.0,10619.0,6048.0,2360.0,862.0,372.0,188.0,131.0,302.0,8.1,8.4,8.3,7.8,7.6,8.1,8.4,8.3,7.9,7.6,8.0,8.2,8.0,7.8,7.6,41535.0,205.0,12950.0,8105.0,1163.0,20212.0,132.0,9656.0,6574.0,959.0,5166.0,41.0,2848.0,1375.0,172.0
0103639/,Aladdin,1992,G,90,"Animation, Adventure, Comedy",1992-11-25,USA,64810.0,68806.0,125333.0,69409.0,22726.0,7670.0,2806.0,1326.0,777.0,1434.0,8.0,8.0,8.0,8.1,7.7,8.0,8.0,8.0,8.0,7.7,8.2,7.9,8.1,8.3,7.9,365097.0,366.0,83551.0,151946.0,26981.0,197822.0,236.0,53632.0,111262.0,21170.0,77213.0,85.0,28210.0,38727.0,5388.0
